country,investment,investment_qoq,gdp,gdp_qoq,capacityprod_kg,capacityprod_ind,capacityutil_ind,capacityutil_kg,production_kg,turnover_kg,imports_xea_kg,imports_ea_kg,imports_kg,exports_xea_kg,exports_ea_kg,exports_kg,confidence_kg,orders_kg,exportorders_kg,expectedprod_kg,confidence_ind,orders_ind,exportorders_ind,expectedprod_ind,eei,timestamp,interest_rate
DE,31184.89,,635687.43,,11.2,13.9,84.349361,90.940051,,,0.0,0.0,0.0,0.0,0.0,0.0,0.8676083333333334,-16.780977333333336,-20.133333333333333,22.283801999999998,-1.8909396666666665,-16.496572333333333,-27.814179333333332,14.333096666666668,95.26691833333332,1995-01-01,7.432433465085638
DE,31017.59,-0.537921972,640777.12,0.797470948,27.2,16.0,84.555137,85.447164,,,0.0,0.0,0.0,0.0,0.0,0.0,-4.223661,-15.364925333333332,-18.3,6.527275333333333,-6.2863299999999995,-17.222819333333334,-29.793289333333334,5.311969333333334,99.17992366666665,1995-04-01,6.911238095238096
DE,31647.75,2.01125931,642071.09,0.20173399,23.4,17.0,83.993828,83.94685,,,0.0,0.0,0.0,0.0,0.0,0.0,-4.3780236666666665,-17.168102666666666,-15.4,7.434031333333333,-10.505105333333333,-22.98348833333333,-30.462501666666668,1.4163283333333332,98.25996833333333,1995-07-01,6.731235334713596
DE,32071.58,1.33032237,642329.89,0.040298942,24.2,22.2,83.640921,86.561694,,,0.0,0.0,0.0,0.0,0.0,0.0,-2.8325663333333337,-16.47927866666667,-18.266666666666666,9.448246333333334,-12.659779666666665,-27.40149633333333,-33.23031733333334,1.0113953333333332,93.58526766666667,1995-10-01,6.327264373053847
DE,31569.64,-1.577438045,637758.07,-0.714300826,26.6,27.4,82.072253,83.743998,,,0.0,0.0,0.0,0.0,0.0,0.0,-13.421681999999999,-27.405455,-21.900000000000002,-6.392924666666667,-20.115165333333334,-36.576564999999995,-37.828439,-6.917419,93.29415300000001,1996-01-01,6.17893217893218
DE,32618.05,3.266991686,646470.86,1.356911292,22.2,28.5,81.951835,83.35133,,,0.0,0.0,0.0,0.0,0.0,0.0,-18.153114666666667,-31.47779566666667,-25.7,-13.381549,-22.11709666666667,-39.76586566666666,-39.169473333333336,-7.806707333333333,92.89148633333333,1996-04-01,6.460649122807017
DE,32640.36,0.068374332,648972.54,0.386228084,25.7,24.8,81.949509,80.54224,,,0.0,0.0,0.0,0.0,0.0,0.0,-14.633163000000001,-27.75925833333333,-24.7,-3.940231333333333,-18.966900666666668,-37.002251,-38.65456833333334,-2.0199146666666667,92.47901366666667,1996-07-01,6.335878348704437
DE,33170.14,1.610051418,654924.82,0.913004586,18.8,23.6,81.960408,82.759409,,,0.0,0.0,0.0,0.0,0.0,0.0,-11.915590666666667,-27.215806666666666,-24.400000000000002,3.5023673333333334,-15.328859333333334,-34.353794,-34.539532666666666,3.084887,93.61335333333334,1996-10-01,5.88605339105339
DE,33231.43,0.184604121,651582.22,-0.511686075,19.0,21.2,83.388071,80.847022,,,0.0,0.0,0.0,0.0,0.0,0.0,-6.208134666666666,-23.481217,-18.266666666666666,9.690146333333333,-11.442445999999999,-29.495628,-31.278829333333334,5.6285066666666665,88.41751866666668,1997-01-01,5.687951355661883
DE,33421.05,0.568982614,658828.73,1.106001727,17.9,18.6,83.927374,82.556358,,,0.0,0.0,0.0,0.0,0.0,0.0,-4.948502666666666,-20.54304,-17.2,7.497532,-8.875387333333334,-22.913991333333332,-28.491142,4.733152333333333,82.95854933333334,1997-04-01,5.782166907166907
DE,33699.88,0.830833554,661416.73,0.392048811,15.0,13.3,84.84467,83.834949,,,0.0,0.0,0.0,0.0,0.0,0.0,3.165709,-11.096575666666666,-8.766666666666667,20.427036,-4.1787540000000005,-16.685813666666665,-21.349170333333333,10.393849333333334,91.00577866666667,1997-07-01,5.60308300395257
DE,34820.79,3.272034567,666334.02,0.740698129,13.9,11.4,85.566894,84.459826,,,0.0,0.0,0.0,0.0,0.0,0.0,3.7520643333333332,-3.786168,-3.533333333333333,13.542362000000002,-1.3729973333333332,-11.202134666666666,-17.404284,10.794347666666667,92.101271,1997-10-01,5.487350079744817
DE,36580.16,4.929139474,672696.24,0.950279925,13.0,8.4,85.74381,82.84731,,,0.0,0.0,0.0,0.0,0.0,0.0,8.031901,1.0425769999999999,2.4333333333333336,19.41979166666667,-0.2013406666666667,-8.783372,-16.629565,10.912646666666667,95.62453166666667,1998-01-01,5.0003088023088
DE,37048.56,1.272346766,669590.71,-0.462723048,-0.2,8.8,86.102079,87.062966,,,0.0,0.0,0.0,0.0,0.0,0.0,7.293938666666667,5.133449,4.966666666666667,14.415033,-2.637815,-9.363631333333332,-16.590820666666666,7.329601,96.22374966666666,1998-04-01,4.888412280701753
DE,37812.5,2.04102512,672868.74,0.488362835,10.9,12.6,85.526275,87.428537,,,0.0,0.0,0.0,0.0,0.0,0.0,2.356031,1.0947273333333334,-0.5000000000000001,8.806698666666668,-6.003148666666667,-12.801658666666667,-21.474590666666668,3.737425333333334,95.90162633333334,1998-07-01,4.390309931614276
DE,38319.94,1.333065155,672696.28,-0.025633841,21.2,18.5,84.5344,84.86047,,,0.0,0.0,0.0,0.0,0.0,0.0,-5.814076,-7.3942863333333335,-13.433333333333332,-2.7812749999999995,-11.935187333333333,-20.183446,-28.497069666666665,-4.384827666666666,92.352327,1998-10-01,4.01617388167388
DE,39867.42,3.958906165,680503.42,1.153891273,31.8,23.7,83.990448,86.244228,,,0.0,0.0,244.48000000000002,0.0,0.0,244.97,-11.863204333333334,-15.751428666666667,-20.599999999999998,-7.604851666666666,-16.342729666666667,-26.570250333333334,-32.944994,-8.0209,92.21959866666667,1999-01-01,3.8629420289855054
DE,39722.43,-0.364343344,679640.7,-0.126857162,22.7,19.9,83.740589,84.671142,,,0.0,0.0,245.7,0.0,0.0,255.96,-12.962496,-20.88021266666667,-23.766666666666666,-8.107275,-17.191268333333333,-30.079845000000002,-35.35467,-5.246308,90.597061,1999-04-01,4.074193817878027
DE,40642.58,2.290026995,688957.89,1.361587541,18.5,18.2,84.129944,85.024757,,,0.0,0.0,245.72,0.0,0.0,265.44,-10.863174,-20.792975,-22.066666666666666,-3.2298806666666664,-12.867052333333334,-24.877926333333335,-30.421172333333335,-0.3764756666666667,92.256333,1999-07-01,4.865303030303033
DE,40726.22,0.205582556,692236.2,0.474707527,19.3,14.2,84.625307,82.858984,,,0.0,0.0,256.5,0.0,0.0,268.63,-5.798413666666666,-19.73258033333333,-19.066666666666666,8.270672,-7.394659999999999,-18.896803666666667,-24.99309166666667,5.708032,92.76212566666668,1999-10-01,5.16
DE,42977.7,5.380926545,702911.67,1.530400983,18.5,7.7,85.622058,84.440508,,,0.0,0.0,198.06,0.0,0.0,184.72,-4.02086,-12.686272,-12.166666666666666,7.190359333333333,-3.211116333333333,-12.862106333333335,-20.372717666666667,10.036479333333334,96.66237699999999,2000-01-01,5.460379572118703
DE,44098.57,2.57459791,708519.05,0.794570987,12.2,3.1,86.376092,86.280226,,,0.0,0.0,211.32999999999998,0.0,0.0,197.02,-0.4932750000000001,-7.766828666666666,-5.366666666666667,8.320337,-0.667072,-7.771026333333334,-15.095734666666667,10.355559999999999,97.10019499999999,2000-04-01,5.265033670033673
DE,45983.4,4.185310617,709036.65,0.073027116,7.6,2.9,87.046198,88.023217,,,0.0,0.0,214.08999999999997,0.0,0.0,198.28000000000003,4.736182333333333,2.0811379999999997,-1.7333333333333332,14.560743,0.8957466666666667,-4.0525150000000005,-12.532247666666668,11.089344333333335,96.06761633333333,2000-07-01,5.24665286404417
DE,45531.7,-0.987167513,706017.32,-0.426744795,11.4,5.6,87.683456,86.954358,,,0.0,0.0,225.26999999999998,0.0,0.0,216.0,3.321583,3.3896200000000003,1.5,8.041796333333332,0.5404999999999999,-2.637896,-10.310126333333335,8.209674333333334,97.078395,2000-10-01,5.083768512189564
DE,45961.1,0.938659988,721006.32,2.100813308,8.0,7.9,87.885055,85.635866,,,0.0,0.0,217.79000000000002,0.0,0.0,216.07,-0.7593736666666667,2.519086333333333,2.8000000000000003,1.9027933333333333,-4.487911666666666,-6.985597333333334,-13.899908000000002,1.6998689999999999,96.50933666666667,2001-01-01,4.749469696969697
DE,43858.78,-4.682045972,719194.77,-0.251569169,21.0,14.7,84.617749,85.089762,,,0.0,0.0,211.69,0.0,0.0,215.37,-11.890263666666668,-12.732034333333333,-7.233333333333333,-10.672089666666666,-13.458145333333334,-17.935396,-21.847561333333335,-9.080472,97.557746,2001-04-01,4.95823763955343
DE,42520.44,-3.099002533,719194.75,-2.78e-06,25.5,21.4,83.874188,84.124451,,,0.0,0.0,198.45999999999998,0.0,0.0,217.92,-14.708127,-20.685732666666667,-16.5,-11.005314666666665,-16.893902,-24.326980666666667,-26.410094333333333,-10.902069666666668,90.54867366666667,2001-07-01,4.884274044795784
DE,41533.4,-2.348697867,716951.87,-0.312347192,32.5,25.6,82.429158,82.648961,,,0.0,0.0,200.04000000000002,0.0,0.0,207.37,-25.237990333333332,-37.369066333333336,-31.433333333333334,-22.211571333333335,-21.935299666666666,-33.475157333333335,-32.650560000000006,-14.994970333333333,87.74379933333334,2001-10-01,4.59439161435325
DE,39967.82,-3.842329249,713608.89,-0.467367228,32.5,25.6,82.259985,83.530806,,,201.38,241.60999999999999,216.35000000000002,222.01,352.3,263.28,-18.12222566666667,-35.432757333333335,-27.8,-8.367252,-19.080071666666665,-34.13485433333333,-30.914171333333332,-6.991422333333333,87.52300433333335,2002-01-01,4.9810757575757565
DE,40274.53,0.764462889,716369.45,0.386098636,25.4,23.9,82.076294,80.397999,,,214.78,237.3,222.98000000000002,226.67000000000002,347.89,263.65999999999997,-12.814599666666666,-32.52324766666667,-23.900000000000002,3.8794473333333337,-15.283825666666667,-32.836503666666665,-28.703578000000004,2.4851643333333335,85.94022833333334,2002-04-01,5.113488455988457
DE,39655.53,-1.54888505,721286.77,0.684077196,30.6,21.7,82.59427,82.726662,,,223.3,247.74,231.67000000000002,232.14,343.79,266.95,-18.129909666666666,-38.558611,-25.03333333333333,-4.397784333333333,-16.061598,-33.136222333333336,-28.093894000000002,-0.6247276666666667,82.054643,2002-07-01,4.614058284710457
DE,39666.68,0.028113186,719302.59,-0.275467987,17.0,22.1,82.848586,84.44412,,,221.09,236.72,226.95,234.7,355.12,271.09,-14.297721666666666,-30.576365666666664,-23.8,-2.3168,-15.979228333333333,-30.686278,-26.007265666666665,-3.6964656666666666,80.49927866666667,2002-10-01,4.425695882217624
DE,40193.64,1.319723358,709532.91,-1.367523729,26.2,25.7,82.573164,82.926591,,,240.95,253.04,246.11,227.82,343.95,263.38,-15.712869666666668,-29.998941333333335,-24.566666666666666,-7.939667333333333,-17.196482,-30.38334766666667,-26.09079166666667,-6.890341,81.29317233333335,2003-01-01,4.04515873015873
DE,39474.3,-1.805894691,710568.05,0.145784027,27.2,25.6,82.892452,82.503062,,,228.57,246.49,234.86,229.15,338.67,263.88,-17.696304,-33.97323566666667,-28.400000000000002,-9.315676333333334,-18.619812,-32.703428,-30.525094,-7.380451666666667,80.48911833333334,2003-04-01,3.859634920634923
DE,39502.18,0.070603302,717037.96,0.906406144,23.0,26.0,82.471083,83.529279,,,243.48,251.29,245.55,239.23000000000002,347.11,272.77,-16.724074666666667,-35.25297733333333,-29.46666666666667,-3.885914666666667,-16.440207333333333,-32.37867933333333,-30.01193166666667,-1.4474106666666664,85.48685666666667,2003-07-01,4.091324110671937
DE,39530.07,0.070578786,717900.63,0.120237913,28.2,26.3,83.206435,84.541793,,,240.44,264.46999999999997,249.39,226.57999999999998,378.77,272.86,-9.596217000000001,-27.031966999999998,-24.566666666666666,10.109983,-11.352138333333334,-27.559574666666666,-25.25227166666667,6.609105666666667,87.44355333333334,2003-10-01,4.288452326468345
DE,38533.27,-2.553962414,716800.82,-0.153315551,17.1,20.4,83.50142,84.62315,,,249.79000000000002,260.47,254.09,262.24,377.53,297.02,-5.481695333333334,-27.953642000000002,-20.8,17.808556666666664,-9.397676666666667,-26.06281733333333,-23.891136666666668,9.219849333333334,85.24516100000001,2004-01-01,4.06481021394065
DE,41025.94,6.26825256,721027.96,0.587991037,16.6,18.3,83.866476,83.604951,,,272.90999999999997,286.96,278.02,270.63,382.31,306.08000000000004,-4.325598666666667,-18.171338333333335,-10.333333333333334,10.961208666666666,-7.82471,-20.105727,-17.692293000000003,6.484275,86.15529833333333,2004-04-01,4.2210202020202
DE,41499.94,1.148743188,718698.68,-0.323572818,19.0,16.8,84.288768,85.031924,,,254.81,252.79,253.45,259.22,369.48,293.87,-1.7975733333333332,-11.698369333333332,-4.033333333333333,9.538983333333332,-5.776271333333334,-14.759584666666667,-11.638582,6.030964,86.895375,2004-07-01,4.111212121212123
DE,41087.29,-0.999315352,718439.93,-0.036009053,15.8,17.2,84.100858,85.141309,,,290.13,265.75,281.06,274.21,397.20000000000005,310.9,-0.10126866666666663,-3.559946666666667,-6.2,7.822807,-5.4270803333333335,-12.196237333333334,-12.026801333333333,5.104846,89.33760333333333,2004-10-01,3.7515800865800863
DE,41389.74,0.73341961,719582.76,0.158944674,18.8,15.9,83.885318,85.820474,,,251.45,269.40999999999997,258.90999999999997,273.49,375.12,305.92,-3.7837219999999996,-5.528938333333333,-3.233333333333333,-0.288894,-7.7131186666666665,-14.679426666666666,-11.698627666666667,2.3905416666666666,87.90969733333334,2005-01-01,3.6016507936507938
DE,42544.1,2.750816098,723896.25,0.597653698,20.7,19.5,83.612609,84.704724,,,299.49,276.65,290.57,278.52,386.77,310.64,-5.204791666666667,-8.853887333333335,-3.4666666666666663,1.2728456666666668,-10.913994333333333,-19.779622333333332,-14.398477333333332,0.5350466666666667,87.21542699999999,2005-04-01,3.3042784992785
DE,43698.47,2.677190504,729590.13,0.78348297,17.1,16.9,83.896952,84.834657,,,288.06,284.88,286.49,286.15999999999997,380.30999999999995,316.78,-4.843328666666667,-10.763539,-8.733333333333333,3.200219333333333,-7.759311,-17.00315,-13.685387999999998,4.462884,90.11154133333334,2005-07-01,3.168683418031243
DE,46403.13,6.005382381,732350.8,0.377672343,28.4,15.3,84.365189,84.240989,,,338.02,291.16999999999996,320.63,277.93,393.40999999999997,313.46,-1.7291283333333336,-5.261577,-5.5,6.574192,-4.220232666666667,-10.787481666666666,-8.522938666666667,6.798673666666667,93.43958500000001,2005-10-01,3.341457431457433
DE,46161.85,-0.521321447,740524.49,1.109907127,24.8,11.9,85.050385,85.018656,,,331.61,293.36,317.29,304.22,400.46999999999997,333.52,2.3311223333333335,1.9407916666666667,0.9333333333333335,10.352576,-0.08545200000000001,-4.560997666666666,-4.802959666666667,11.122596,99.44275233333333,2006-01-01,3.477084980237157
DE,50321.89,8.628647192,753205.91,1.697993786,2.3,7.0,86.256598,89.905315,,,323.8,295.19,312.42,296.06,392.75,326.75,8.074083333333332,12.676452333333335,11.466666666666667,11.979130666666668,4.272299,4.0028820000000005,1.5164176666666667,12.059365,101.54790333333334,2006-04-01,3.93939393939394
DE,48961.23,-2.741141087,758899.61,0.753085923,4.7,2.9,87.201467,89.037275,,,311.37,297.81,305.8,317.08,387.33,340.17,9.513541666666667,16.594078,11.533333333333333,11.179879999999999,6.743933333333334,9.246683666666668,4.056670333333333,12.393515666666667,101.91076166666666,2006-07-01,3.8825741890959264
DE,51180.66,4.433296587,770028.15,1.455757011,-4.4,-0.9,87.881048,89.638633,,,334.69,333.81,335.19,341.62,408.89,362.25,16.339503333333333,28.291614666666664,17.533333333333335,18.393562,11.203095666666668,16.693223333333332,8.654125333333333,15.501704333333334,105.69585533333333,2006-10-01,3.7574481658692167
DE,51515.24,0.651595991,771041.95,0.131570932,-8.8,-5.3,87.998702,90.61564,,,348.67,314.52,336.17,320.24,420.53999999999996,350.74,14.86623,26.312359666666666,20.666666666666668,15.952997666666667,9.448011333333334,14.757590666666667,8.324347666666666,13.105499666666667,106.91596299999999,2007-01-01,4.002242424242423
DE,53071.07,2.975427246,776131.7,0.657944034,-17.0,-6.7,88.504896,89.608469,,,334.92,323.84000000000003,330.06,319.4,418.39,350.92,13.964825,26.242945666666667,24.066666666666666,14.418196666666667,9.093077000000001,13.917997333333334,7.903966999999999,14.889086666666666,105.278616,2007-04-01,4.330543024227237
DE,53188.18,0.220423252,780099.9,0.509976613,-8.9,-5.0,88.413659,90.440297,,,327.26,327.76,327.2,332.40999999999997,420.12,361.67,14.427702666666667,24.959100333333335,23.266666666666666,15.190674333333334,8.401007666666667,12.861917333333333,7.994125,13.286267,106.89363966666667,2007-07-01,4.342507246376809
DE,54944.76,3.249212567,785879.71,0.73817516,-5.9,-4.1,88.497164,91.936036,,,328.11,320.86,326.21,327.41999999999996,410.98,353.37,16.305798666666664,26.393373999999998,22.5,22.357355,7.159798333333334,11.249600000000001,7.642465333333333,13.693876000000001,105.477469,2007-10-01,4.192527319228088
DE,54125.03,-1.503157629,790495.44,0.585614813,-4.4,-0.3,88.209905,92.11238,,,334.93,334.89,337.15999999999997,337.42,416.03,363.33,13.714573999999999,24.468913999999998,22.066666666666666,14.974808333333334,5.220511666666667,9.341071,5.116606999999999,10.207216666666666,104.36714566666667,2008-01-01,3.92668603326498
DE,54643.63,0.953590731,787648.54,-0.3607913,-12.6,-0.4,87.566448,91.511385,,,309.71,334.88,319.94,339.43,404.74,357.56,9.757793,19.860181,17.96666666666667,6.413197666666666,1.5819159999999999,4.531486,1.0549803333333332,5.025694333333333,102.802902,2008-04-01,4.254126984126983
DE,54928.03,0.519113498,783335.04,-0.549147794,0.6,3.3,86.540777,90.24217,,,322.51,353.94,335.02,331.22,385.40999999999997,348.73,-3.7431476666666668,4.658815333333334,3.1,-9.021591666666666,-6.568476333333333,-5.159876333333334,-7.7705763333333335,-5.830971666666667,96.43841266666668,2008-07-01,4.26230221469352
DE,52797.82,-3.95538809,771170.94,-1.565043614,15.8,21.7,84.940133,88.233549,,,306.92,309.34000000000003,309.13,309.98,357.73,325.93,-30.655191333333335,-25.890251666666668,-34.199999999999996,-42.908657000000005,-27.475192000000003,-29.627964666666667,-29.541200333333336,-32.752196,84.88136233333334,2008-10-01,3.4959576659038927
DE,43897.82,-18.46052414,735024.76,-4.800587533,30.0,44.2,75.28791,81.810631,,,251.58999999999997,297.07,271.74,261.53999999999996,311.75,275.76,-47.17859366666667,-61.059007333333334,-64.73333333333333,-50.31010766666666,-40.236582,-55.14793433333333,-52.31190566666667,-38.70540933333333,78.925903,2009-01-01,3.072665945165943
DE,43407.09,-1.124186871,736836.46,0.246178225,49.4,55.0,70.303692,75.515164,,,230.71,276.79,248.88,246.1,288.25,259.6,-42.523349333333336,-66.978365,-75.33333333333333,-29.625016,-37.56761,-62.084768999999994,-60.48258233333333,-21.859157,80.82398,2009-04-01,3.325878787878787
DE,42916.36,-1.13696866,741408.81,0.61862056,46.1,55.8,70.822352,74.542808,,,262.41,278.67,268.15,243.95,286.26,256.14,-29.547874333333336,-62.43732633333334,-68.96666666666667,-10.472964,-26.702747,-55.02934633333333,-54.647523,-4.170314666666667,87.12634833333334,2009-07-01,3.30208200012548
DE,41527.82,-3.288954113,747102.65,0.765041845,44.4,47.1,72.830484,76.329571,,,273.89,262.71000000000004,270.32,256.45,291.65999999999997,269.56,-22.428116,-59.12982233333333,-65.26666666666667,6.078807333333334,-18.600413333333332,-47.29934333333333,-46.88204266666667,6.092633666666667,89.41166066666666,2009-10-01,3.18824458874459
DE,44583.72,7.100520588,752536.89,0.724742665,40.1,44.5,74.471447,77.909329,,,302.2,279.23,294.55,263.2,303.69,274.47,-15.333830666666666,-48.07625633333333,-45.46666666666667,10.508097666666666,-12.182975333333333,-37.458868333333335,-35.690131666666666,10.077121666666669,92.32126533333333,2010-01-01,3.1765579710144927
DE,47427.71,6.183788708,768841.98,2.143544207,27.3,25.5,79.426215,81.221733,,,318.72,316.3,317.03999999999996,288.67,320.8,297.74,-3.456480666666667,-31.785057,-27.933333333333337,22.28228233333333,-1.6891643333333335,-18.91407033333333,-19.554281666666668,16.491258,98.41666233333332,2010-04-01,2.780655844155844
DE,49061.6,3.386999438,776261.22,0.960362651,16.1,13.7,82.02531,82.542231,,,318.25,324.05,320.35,312.83000000000004,323.56,315.59000000000003,6.8880143333333335,-10.586777333333334,-7.266666666666667,26.917486999999998,5.640230666666667,-3.0872053333333334,-6.233953333333333,19.306374333333334,104.92106066666668,2010-07-01,2.422121212121213
DE,49474.27,0.837608503,781351.18,0.653561582,9.6,8.5,83.501792,84.824481,,,322.28,328.5,325.83000000000004,323.75,337.23,328.86,10.308665333333332,0.8631593333333333,1.9666666666666666,25.562837333333334,8.553498333333334,3.401314333333333,-1.246507,21.300422,108.756319,2010-10-01,2.5977344877344866
DE,50599.33,2.248559865,795477.26,1.791755851,6.8,4.1,84.701872,84.306579,,,320.55,310.83,318.73,318.11,344.42,323.68,13.251854,11.529745,15.366666666666667,22.225816666666663,9.852580666666666,8.752103333333332,4.2840750000000005,19.084502666666666,110.704379,2011-01-01,3.142468599033817
DE,50655.09,0.110138413,797633.95,0.270752136,-1.5,-0.6,85.750386,86.430547,,,323.64,354.14,335.39,333.27,348.94,337.75,16.835553666666666,17.845361333333333,20.0,21.127965666666668,10.194498333333334,11.991238333333333,5.911854666666667,15.621512666666668,111.34868466666667,2011-04-01,3.097448165869217
DE,52896.77,4.330255917,801947.35,0.53931744,-2.3,-2.3,85.931853,85.941294,,,318.89,308.45,314.74,327.57,354.86,336.15,11.189938666666668,17.170392666666668,13.033333333333333,10.332756666666667,4.992108,7.8324956666666665,1.6991546666666666,7.664237333333333,107.91736633333333,2011-07-01,2.2621262312566666
DE,51396.74,-2.876753207,801861.08,-0.010758143,7.1,7.4,85.579649,86.320393,,,317.82,332.55,324.81,334.96000000000004,339.89,337.15,1.6141503333333331,8.133757666666666,3.4333333333333336,0.4753603333333332,-0.4467843333333333,0.9672613333333332,-2.921594666666667,2.1160126666666668,106.13525133333333,2011-10-01,1.9346969696969696
DE,52015.71,1.197104201,803564.86,0.212252786,5.1,6.7,84.771916,85.402013,,,301.82,307.35,305.46000000000004,338.24,345.34000000000003,338.41999999999996,2.4585463333333335,8.854216666666666,6.533333333333334,1.321422,-0.7762159999999999,-1.1401616666666665,-4.140216666666666,3.869786,106.67398033333332,2012-01-01,1.8344227994228
DE,51340.97,-1.305671942,804427.56,0.107301511,16.5,9.8,84.422479,84.640156,,,293.16999999999996,315.51,301.57,341.90999999999997,345.6,342.49,-1.3745066666666668,0.1166143333333333,0.40000000000000013,-2.573468333333333,-3.9224876666666666,-7.432113,-9.313055333333333,1.308116,104.70887533333332,2012-04-01,1.4205016328700533
DE,50353.97,-1.941160479,806066.58,0.203542568,14.1,15.1,83.493378,84.14,,,297.29,328.49,309.09000000000003,341.47,339.26,340.44,-11.795052333333333,-12.829568333333334,-16.03333333333333,-12.955588666666666,-10.109821333333334,-14.613791666666666,-15.940467666666668,-6.906676,101.74288899999999,2012-07-01,1.3581706192358365
DE,50376.27,0.044276675,803651.15,-0.300106257,17.2,23.2,82.523094,83.817315,,,285.57,294.63,290.2,331.22,310.12,325.38,-15.517488666666667,-23.85696833333333,-26.233333333333334,-11.495496666666666,-12.067472,-20.77711233333333,-20.41632866666667,-6.616081666666666,101.736782,2012-10-01,1.3674257924513666
DE,48559.73,-3.672564426,799208.05,-0.554398213,24.0,20.7,82.55256,83.797037,,,283.43,304.62,293.71000000000004,326.51,326.09000000000003,326.55,-8.071722666666666,-16.679154999999998,-16.133333333333333,-1.1693463333333334,-7.752955666666668,-18.294377333333333,-17.548574,1.7728803333333334,102.64520133333333,2013-01-01,1.47009090909091
DE,50372.07,3.66422682,808525.29,1.159065882,23.4,21.3,82.547693,82.048963,,,283.88,323.62,299.31,330.21000000000004,309.53,321.62,-7.034852333333333,-16.968580333333332,-14.0,1.7306896666666667,-7.218012333333333,-17.749342666666667,-17.288858666666666,3.550716,100.61807333333333,2013-04-01,1.3402604617604634
DE,49290.24,-2.171076496,812666.25,0.510854998,14.1,17.1,83.121984,84.73917,,,286.76,311.05,296.25,317.38,324.75,318.95,-2.2763633333333333,-8.525516999999999,-8.666666666666666,5.196427333333333,-3.411213,-11.924309666666666,-12.683387333333334,6.722708333333333,102.81389,2013-07-01,1.7295824706694267
DE,52507.85,6.323659238,813873.99,0.148504192,22.9,16.4,83.823959,84.214732,,,278.68,330.45,300.19,319.33000000000004,317.43,319.32,2.8322256666666665,-4.634870333333334,-5.833333333333333,13.931547333333334,0.8861743333333333,-7.397677333333334,-8.029493,12.652355333333333,104.41588933333333,2013-10-01,1.7456981826547064
DE,52598.46,0.172415952,822371.37,1.038653077,8.8,10.9,83.954485,84.392337,,,294.8,339.13,314.52,315.09,311.34,312.31,0.6444046666666666,-9.847084,-10.1,9.546964000000001,0.8654776666666667,-6.414407333333333,-7.784654333333333,10.458980333333333,105.93766633333333,2014-01-01,1.6076601731601734
DE,52988.83,0.739429487,822198.81,-0.020985423,8.2,9.0,84.398465,84.855661,,,301.77,325.88,311.5,309.63,313.99,311.02,1.3570036666666667,-7.916307,-7.633333333333333,9.487318666666667,-0.14493233333333336,-6.400591333333334,-9.536249333333332,7.667148666666667,104.74008766666667,2014-04-01,1.3493095238095234
DE,52459.05,-1.004827138,826770.92,0.554542832,17.4,10.8,84.307627,85.639734,,,294.07,309.38,300.36,324.13,331.21,325.49,-3.4647926666666664,-9.193654666666667,-12.333333333333334,0.7659436666666668,-3.057805666666667,-9.502113666666666,-12.229641333333333,4.285314666666667,103.30945433333333,2014-07-01,0.9973006462136906
DE,53301.12,1.592447884,833068.31,0.758798816,9.7,16.8,84.208675,86.812883,,,295.44,316.87,304.75,315.02,313.75,315.31,-4.835702333333333,-11.529047666666665,-15.933333333333332,1.9552743333333336,-4.964105666666667,-11.316905,-13.134665,2.3076726666666665,101.20811833333333,2014-10-01,0.6996188197767146
DE,53611.99,0.581539301,831257.1,-0.217651032,20.2,12.9,84.029323,86.38745,108.2,98.89999999999999,308.41,333.25,319.33,319.39,318.31,317.43,0.5626730000000001,-4.171665666666667,-7.5,9.526351666666667,-1.6927143333333332,-7.194472,-10.436607333333333,7.206003666666668,104.02373366666666,2015-01-01,0.3064242424242423
DE,54219.82,1.127378717,835570.32,0.517537638,16.2,10.2,84.256054,86.861131,109.86666666666667,100.66666666666667,281.42,324.71000000000004,297.33,320.3,335.59000000000003,324.86,0.7284033333333334,-3.6857796666666665,-3.766666666666667,10.804322333333333,-0.9917723333333335,-5.817124666666667,-8.884624333333333,8.154834666666666,105.85863400000001,2015-04-01,0.4901722488038276
DE,54671.51,0.829620854,840056.21,0.53542966,10.8,11.2,84.269468,85.640352,109.60000000000001,100.7,284.49,324.78,299.25,327.64,323.32,325.40999999999997,-0.6239793333333333,-4.454350666666667,-7.566666666666666,7.282413000000001,-1.4777056666666668,-6.750646666666666,-10.323577,7.332946333333333,106.33867033333333,2015-07-01,0.6575541125541126
DE,56511.75,3.310584834,844369.43,0.512130583,17.4,17.1,84.099538,86.212032,109.39999999999999,101.43333333333334,285.78999999999996,323.74,300.65,315.98,321.28000000000003,318.26,-2.116136,-8.584010666666666,-20.7,7.902269666666666,-2.828607,-9.378954,-13.689686,6.498715999999999,108.54216100000001,2015-10-01,0.526624098124098
DE,56651.15,0.246370622,851788.78,0.87484732,21.7,15.1,84.344436,85.682302,110.56666666666666,101.66666666666667,289.37,322.1,303.51,309.64,334.33000000000004,318.15,-3.378822,-7.706482,-11.233333333333334,4.303349,-3.9142206666666666,-8.338521,-12.382456333333332,2.6604816666666666,107.12180566666666,2016-01-01,0.2582619047619046
DE,55502.4,-2.04860243,853686.59,0.22255505,22.8,15.2,84.321369,86.267108,109.7,101.60000000000001,291.36,330.47,305.57,327.96,329.35,326.39,-0.26651066666666673,-9.096998333333334,-7.933333333333334,10.097467333333334,-2.3656953333333335,-8.793335,-12.283003666666666,5.886097333333333,106.30967500000001,2016-04-01,0.083441558
DE,56377.91,1.565115206,856705.92,0.353057338,14.2,11.8,84.621684,86.339869,109.93333333333334,101.13333333333333,288.55,321.44,301.58000000000004,311.54,319.42,313.57,-2.171408,-5.160982333333333,-9.733333333333334,2.080091,-1.4535523333333333,-6.663349666666666,-11.079893666666669,6.9094750000000005,108.52749666666666,2016-07-01,-0.123371918
DE,56277.53,-0.178207154,860674.16,0.462127995,8.2,10.9,85.187015,88.212461,110.26666666666667,102.03333333333335,291.88,302.02,296.68,334.56,314.74,328.93,2.5444603333333333,-3.4657553333333335,-11.866666666666667,15.665802666666666,1.2671846666666668,-4.548386,-8.0608,12.379059333333332,111.27257300000001,2016-10-01,0.1476652236652237
DE,57247.84,1.709456889,871845.7,1.289646958,17.9,9.6,85.376149,86.276214,110.8,103.46666666666665,292.68,309.90999999999997,300.15999999999997,338.87,312.57,329.09000000000003,5.038156,1.4768996666666665,-5.966666666666666,16.237567666666667,3.9561663333333335,1.1196543333333333,-4.460599333333334,13.155926666666668,110.37320733333333,2017-01-01,0.2857233201581026
DE,59049.04,3.097837264,878057.21,0.709929226,11.0,4.7,86.325302,84.672336,112.73333333333333,106.16666666666667,298.88,285.31,292.81,326.92,332.84,329.07,10.111148,10.235567666666666,-3.9,20.297876333333335,8.569756666666668,9.631999333333333,0.7560813333333334,17.042757666666667,112.23133333333334,2017-04-01,0.2707984607984606
DE,59879.93,1.397310544,885045.01,0.792675151,1.3,-1.4,86.991651,85.938827,114.89999999999999,108.46666666666665,293.74,313.22,301.01,337.39,334.0,335.85,13.278007666666667,16.588176666666666,3.6333333333333333,22.712512000000004,11.486122,14.025822,5.3664190000000005,19.563690333333334,113.49215500000001,2017-07-01,0.3829813664596273
DE,60114.13,0.390353151,894017.13,1.008643359,2.7,-1.3,87.525198,87.916057,115.73333333333333,108.16666666666667,297.96000000000004,300.5,299.83,335.02,332.24,334.18,16.148847,22.463035666666666,7.099999999999999,25.083505333333335,13.882733666666667,17.777090333333334,8.631324,22.224568333333334,114.82087933333332,2017-10-01,0.325841307814992
DE,61653.23,2.528069872,889078.01,-0.553995412,-5.5,-7.2,87.894528,89.770719,115.60000000000001,106.89999999999999,299.76,285.11,294.99,330.2,327.57,330.18,16.830957,25.940764666666666,15.966666666666667,20.585439,12.73909,18.807082666666666,9.657724,17.427051000000002,117.12674266666666,2018-01-01,0.5543564213564217
DE,61742.46,0.144624201,896065.73,0.782878771,-3.3,-5.7,87.777608,88.274272,116.16666666666667,109.53333333333335,304.22,296.08,299.79,353.86,327.15,343.88,14.146933666666667,21.076942000000003,11.6,18.930525666666668,11.705770000000001,18.595997333333333,8.828827,14.895030333333333,115.01585166666666,2018-04-01,0.4190476190476189
DE,62266.64,0.845394607,890199.42,-0.656826462,-0.9,-2.8,87.711503,90.937023,113.2,106.5,308.8,299.42,305.64,335.53,325.23,331.87,9.709073666666667,23.191035666666664,15.466666666666667,10.902852333333334,9.697356666666666,16.383487666666667,6.6488396666666665,15.064386333333333,116.86631233333333,2018-07-01,0.311971673254282
DE,62578.92,0.500267132,894167.82,0.444797063,-2.2,-0.4,87.105296,89.220903,114.03333333333335,107.23333333333333,306.07,286.76,299.35,331.88,342.81,335.27,5.939421,12.461967000000001,1.0666666666666667,14.922962333333333,5.958495666666667,8.767388,0.28916766666666666,14.619737666666666,115.20739133333332,2018-10-01,0.3000802139037433
DE,64307.62,2.724965104,900034.02,0.653908693,4.2,4.8,85.985911,89.967403,113.8,111.2,313.59000000000003,306.65999999999997,312.01,336.52,343.01,337.83,5.406303,11.018199333333333,-1.7,12.234043333333332,0.1903786666666667,2.693246,-5.357032,6.0036846666666674,111.73379,2019-01-01,0.066393218
DE,64419.15,0.173281794,900551.64,0.057494628,12.0,13.9,85.094456,88.673931,114.03333333333335,110.03333333333335,302.42,293.42,297.79,324.29999999999995,332.2,327.35,-3.4969473333333334,3.2703629999999997,-3.4,-1.161204,-6.590794,-7.638865666666667,-13.197274666666667,-0.08631933333333326,107.81935766666668,2019-04-01,-0.163102871
DE,63292.7,-1.764095051,904002.41,0.382451743,21.5,21.3,83.955525,87.636174,112.83333333333333,109.03333333333335,305.57,291.02,300.26,316.62,322.29,317.86,-9.810025666666666,-9.108272333333334,-14.033333333333333,-4.855138,-12.631149333333333,-19.29047733333333,-22.63451166666667,-4.6885319999999995,103.82397333333334,2019-07-01,-0.544037894
DE,61709.0,-2.534021127,900983.03,-0.334560352,31.4,29.2,83.173911,85.624394,109.33333333333333,106.46666666666665,300.74,277.4,292.45,328.81,315.22,325.17,-15.092063000000001,-22.05157266666667,-29.3,-7.191282999999999,-14.427673666666665,-24.345509333333336,-25.388056666666667,-4.733410666666667,104.72990433333332,2019-10-01,-0.373790284
DE,57450.03,-7.151426088,882694.15,-2.050765819,23.7,26.6,83.122686,86.165512,105.03333333333335,102.10000000000001,284.34000000000003,285.24,285.58,304.14,290.38,299.51,-11.00118,-18.74836566666667,-23.03333333333333,-5.721840333333333,-12.750222333333333,-21.547403333333335,-24.129345999999998,-6.636986999999999,99.54410033333333,2020-01-01,-0.440333333
DE,49397.43,-15.10171279,804362.8,-9.292835343,48.4,44.3,69.727716,62.973046,79.06666666666666,73.73333333333333,258.86,240.8,250.87,236.78000000000003,241.07,238.24,-26.66736233333333,-42.94607833333333,-42.46666666666667,-15.322674333333334,-29.22735366666667,-43.53732566666667,-45.753454,-21.789524333333333,79.64798866666666,2020-04-01,-0.466761905
DE,56697.2,13.78264282,874153.66,8.320576138,42.7,41.5,74.8231,73.937534,97.3,97.13333333333333,294.43,290.35,292.59000000000003,289.94,286.99,287.87,-7.178809,-32.23992666666667,-34.13333333333333,20.57016666666667,-10.867474999999999,-36.204157,-38.492933,16.275257,94.913209,2020-07-01,-0.52348924
DE,58197.29,2.611396328,882607.92,0.962489772,32.7,32.5,81.587462,84.02581,105.16666666666667,102.73333333333333,301.93,303.13,302.52,301.13,291.19,298.87,-1.9253113333333334,-12.607766666666665,-19.333333333333332,10.3985,-2.374269,-16.061483,-21.034548666666666,11.901628,98.305767,2020-10-01,-0.613511544
DE,57443.01,-1.304546421,877173.08,-0.617674276,32.4,25.3,82.08984,81.962144,103.76666666666667,101.56666666666666,298.64,307.96000000000004,303.01,307.15999999999997,306.83,306.94,9.279019,1.8763813333333335,0.6666666666666666,25.060674666666667,6.744000333333333,-0.9865926666666667,-7.172568000000001,19.123969,95.46361633333333,2021-01-01,-0.464594203
DE,58786.93,2.312622541,897791.11,2.32330968,7.8,6.1,84.962205,87.472593,99.33333333333333,98.33333333333333,309.47,294.22,302.21,304.90999999999997,299.21,303.09,23.188844333333332,27.911970333333333,29.233333333333334,32.92123,16.725576,17.564550666666666,10.491531666666667,24.41353433333333,106.167554,2021-04-01,-0.279045455
DE,56216.19,-4.471475758,898567.5,0.086440429,3.1,-2.1,86.065583,85.240831,93.5,94.60000000000001,299.32,290.86,296.64,294.07,297.71,294.48,34.83415566666667,43.305463333333336,36.53333333333334,36.263669666666665,23.108024333333333,26.610173000000003,17.143418333333333,28.079007666666666,114.525214,2021-07-01,-0.450909091
DE,57219.96,1.769799486,903398.5,0.536193421,-8.0,-1.3,85.774668,85.326513,100.13333333333333,101.2,292.56,306.96000000000004,298.15,293.88,296.24,295.48,40.37910933333333,48.371428333333334,40.166666666666664,42.599233,22.038684333333332,27.056006666666665,18.385482,24.846097333333333,114.19320666666665,2021-10-01,-0.300735931
DE,58145.65,1.604828107,909523.53,0.675710616,-6.5,-1.1,85.956206,89.457143,98.0,105.7,297.86,291.43,296.61,298.89,287.31,294.51,35.48653566666667,50.988940333333325,45.06666666666666,26.537332666666668,20.050842,28.474591,18.879791666666666,18.222111,112.68324033333333,2022-01-01,0.1056590752242926
DE,59852.04,2.8924447,910903.8,0.151642446,-5.3,0.0,85.046238,83.674096,98.56666666666666,106.89999999999999,292.04999999999995,311.27,297.89,288.63,283.0,287.3,31.133372666666663,44.57724366666667,40.833333333333336,21.489541000000003,14.625331666666668,24.373741666666664,13.651524333333333,9.418494666666668,112.247841,2022-04-01,1.0480143540669855
DE,61937.63,3.425239434,913578.11,0.293158502,14.3,10.6,85.072852,86.044758,101.8,115.33333333333333,294.91999999999996,316.02,302.87,294.14,298.6,294.64,28.842288,45.779772666666666,36.43333333333333,24.180424666666667,7.941804,18.595428,10.459604333333333,3.8186723333333337,106.55346033333335,2022-07-01,1.3039023778154233
DE,61101.16,-1.359705971,910386.22,-0.34999514,4.6,15.0,84.965936,87.92747,106.03333333333335,121.8,293.52,311.5,301.28,303.40999999999997,286.86,298.64,25.905784999999998,45.522732,35.833333333333336,25.594622666666666,3.5948793333333335,12.569529666666668,5.932926666666667,4.157895666666667,103.48075066666667,2022-10-01,2.1127561327561364
DE,60472.42,-1.034345794,906094.38,-0.472545425,-5.0,8.2,84.28572,87.250264,108.83333333333333,120.2,297.37,311.06,303.51,300.18,291.53,297.13,20.971925666666667,38.40908033333333,35.166666666666664,21.84003033333333,2.027029666666667,5.833439666666666,-0.10684566666666662,7.9622866666666665,105.782944,2023-01-01,2.3155685111989466
DE,60438.95,-0.055362868,905404.2,-0.076199898,6.1,15.2,84.052952,88.375133,108.33333333333333,121.89999999999999,301.14,307.82,303.26,301.99,283.98,296.22,13.307743,27.910495333333333,28.466666666666665,12.212733666666665,-5.5109103333333325,-4.549623333333334,-8.028530333333334,-0.2879496666666667,102.62088,2023-04-01,2.3593602693602698
DE,60890.67,0.744619636,905404.24,4.42e-06,20.7,26.7,83.19664,87.148547,104.73333333333335,120.60000000000001,280.09000000000003,310.75,291.9,286.11,277.45,282.24,1.441403,7.0040086666666665,1.666666666666667,6.853534333333333,-14.362375333333333,-18.958001666666668,-20.734978333333334,-6.7144140000000005,99.12312866666667,2023-07-01,2.5545824706694265
DE,59552.28,-2.222537879,902902.41,-0.276704352,25.4,32.9,82.105929,85.329584,103.8,119.66666666666667,267.58,302.42,281.22,286.67,269.68,281.38,-4.710962666666666,0.4735603333333332,-8.799999999999999,-6.039781666666666,-14.719915666666665,-23.01619033333333,-24.67901466666667,-6.507280333333334,98.43925566666667,2023-10-01,2.5088835725677834
DE,59009.99,-0.914783062,901931.96,-0.107538964,26.5,31.5,80.871835,86.243601,102.26666666666667,117.89999999999999,268.15,289.33,277.38,280.96,269.45,278.34000000000003,-10.265934333333334,-12.080320666666667,-14.433333333333332,-6.017482,-16.964685666666668,-26.832279333333332,-28.744785333333336,-9.579142,96.764898,2024-01-01,2.2853167388167366
DE,57153.03,-3.19743444,899602.69,-0.258587455,26.0,33.2,79.715233,85.676507,100.60000000000001,117.36666666666667,263.75,282.40999999999997,270.38,274.21,254.97,266.97,-13.203829333333331,-18.003690000000002,-14.366666666666667,-7.374464666666667,-18.126408666666666,-30.867801333333333,-29.059327333333332,-7.773037666666667,96.92711700000001,2024-04-01,2.4832532467532467
DE,56567.5,-1.029779186,899775.22,0.019176628,31.2,36.2,77.912707,71.552316,99.96666666666665,116.53333333333335,262.98,277.74,269.2,277.06,254.86,268.68,-14.675524999999999,-23.283849333333336,-23.933333333333334,-4.376059333333334,-20.611649,-36.09019,-33.986488666666666,-8.099248000000001,94.46760133333333,2024-07-01,2.2777103331451163
DE,56556.34,-0.019730589,901414.35,0.182005324,53.5,48.1,76.796198,76.830647,99.26666666666667,117.39999999999999,256.74,277.65,265.25,260.32,245.34,256.71000000000004,-19.604830333333336,-29.638043,-33.233333333333334,-9.643115,-24.690095666666668,-41.40796866666667,-37.104127999999996,-11.631263333333331,91.592327,2024-10-01,2.2380561306648272
DE,56667.87,0.1970074,904174.88,0.30577632,41.5,40.3,76.610183,81.838028,99.36666666666667,118.33333333333333,269.87,301.21000000000004,282.73,269.26,254.95,264.19,-19.383303333333334,-37.698623999999995,-33.4,0.7153816666666667,-22.92082566666667,-42.424805,-37.012308,-6.823597666666667,90.932817,2025-01-01,2.543521645021644
DE,55591.62,-1.917491298,902276.99,-0.210123583,37.3,35.7,76.974226,80.177131,99.36666666666667,119.26666666666667,282.66,300.78999999999996,289.05,260.22,265.86,262.42,-16.517026666666666,-32.99519033333333,-30.833333333333332,-3.7892233333333336,-19.451314999999997,-38.875928333333334,-36.93237833333333,-4.067196333333333,92.20584833333334,2025-04-01,2.5308015873015868
DE,,,902276.99,0.0,27.8,29.8,77.270677,79.954732,97.86666666666667,116.73333333333333,94.16,106.24,98.43,87.33,91.07,88.52,-15.365304666666667,-31.452782000000003,-32.5,3.0235350000000003,-19.23673666666667,-39.859306333333336,-36.681715000000004,-0.07242033333333338,91.39764733333334,2025-07-01,2.6659398331137467
DE,,,,,34.1,40.0,77.969253,80.831545,,,0.0,0.0,0.0,0.0,0.0,0.0,-11.328937,-32.166963,-30.8,4.380151,-17.915378,-38.909341,-34.557781,1.875716,91.211996,2025-10-01,
