date,investment,investment_qoq,gdp,gdp_qoq,capacityprod_kg,capacityprod_ind,capacityutil_ind,capacityutil_kg,production_kg,turnover_kg,imports_xea_kg,imports_ea_kg,imports_kg,exports_xea_kg,exports_ea_kg,exports_kg,confidence_kg,orders_kg,exportorders_kg,expectedprod_kg,confidence_ind,orders_ind,exportorders_ind,expectedprod_ind,eei
01/01/1995,NA,NA,NA,NA,NA,NA,NA,NA,85,NA,NA,NA,NA,NA,NA,NA,-2.934746,-13.856226,-10.267663,6.246648,4.579401,-2.195916,1.634652,16.791835,100.875399
01/02/1995,NA,NA,NA,NA,NA,NA,NA,NA,86.9,NA,NA,NA,NA,NA,NA,NA,-4.446687,-10.026515,-14.161468,0.501658,1.271732,-2.799206,-2.022889,9.951445,101.326452
01/03/1995,18048,NA,418050.7,NA,21.668528,18.13447,82.492378,81.979535,85.1,NA,NA,NA,NA,NA,NA,NA,-4.161727,-10.37893,-16.621732,-0.554191,-1.132932,-5.817004,-3.728465,6.062558,102.659781
01/04/1995,NA,NA,NA,NA,NA,NA,NA,NA,86,NA,NA,NA,NA,NA,NA,NA,-3.921944,-7.898963,-8.789071,-3.410691,0.487542,-3.056272,-4.357085,6.10754,102.600166
01/05/1995,NA,NA,NA,NA,NA,NA,NA,NA,84.4,NA,NA,NA,NA,NA,NA,NA,-3.52477,-9.54895,-11.299984,0.672095,0.855836,-1.279551,-5.221507,7.601568,101.560387
01/06/1995,17855.5,-1.07232913,420791.8,0.653545751,39.513075,20.157817,82.788154,82.829282,84.9,NA,NA,NA,NA,NA,NA,NA,-16.733036,-15.87117,-19.675923,-20.548463,-4.288096,-5.087945,-12.309595,0.556033,99.877463
01/07/1995,NA,NA,NA,NA,NA,NA,NA,NA,86.2,NA,NA,NA,NA,NA,NA,NA,-21.039377,-28.214873,-26.085716,-20.682537,-5.300673,-10.37535,-15.943875,2.45179,99.666031
01/08/1995,NA,NA,NA,NA,NA,NA,NA,NA,84.9,NA,NA,NA,NA,NA,NA,NA,-20.637311,-26.443049,-23.887363,-20.100778,-7.971231,-13.830134,-17.353873,-0.819888,98.829239
01/09/1995,18004.1,0.828792572,421449.4,0.156154824,22.77542,12.894205,83.569281,82.610588,85.8,NA,NA,NA,NA,NA,NA,NA,-21.389917,-27.70136,-21.689011,-19.73593,-10.706134,-17.284919,-17.92542,-4.284601,97.693033
01/10/1995,NA,NA,NA,NA,NA,NA,NA,NA,85.3,NA,NA,NA,NA,NA,NA,NA,-17.510823,-34.72691,-26.563161,3.580169,-11.891755,-25.721346,-20.804951,1.364908,96.068794
01/11/1995,NA,NA,NA,NA,NA,NA,NA,NA,84.9,NA,NA,NA,NA,NA,NA,NA,-16.352482,-24.423015,-20.264662,-0.080576,-14.238346,-24.689984,-21.604103,-1.966883,93.373895
01/12/1995,18017,0.07162469,421282.9,-0.039514328,20.546808,14.616051,83.337138,83.565687,88.5,NA,NA,NA,NA,NA,NA,NA,-25.283077,-40.970544,-24.192618,-9.863743,-18.801264,-35.901466,-25.325906,-1.867612,91.686431
01/01/1996,NA,NA,NA,NA,NA,NA,NA,NA,86.7,NA,NA,NA,NA,NA,NA,NA,-26.008337,-30.585378,-34.994162,-20.322403,-17.872201,-29.777712,-29.51353,-6.194542,90.419467
01/02/1996,NA,NA,NA,NA,NA,NA,NA,NA,85.2,NA,NA,NA,NA,NA,NA,NA,-19.318955,-34.335632,-33.53124,4.146902,-17.370205,-31.670702,-30.135711,0.103404,90.870027
01/03/1996,18491.7,2.600622613,424211.4,0.692733638,34.756558,22.320184,82.621767,82.409807,86.5,NA,NA,NA,NA,NA,NA,NA,-21.204548,-44.648902,-31.813114,5.36523,-17.879603,-34.225174,-28.849717,2.079105,91.379462
01/04/1996,NA,NA,NA,NA,NA,NA,NA,NA,86.7,NA,NA,NA,NA,NA,NA,NA,-10.992693,-21.586619,-22.65548,16.190199,-15.060308,-30.265423,-27.518389,7.804388,91.668265
01/05/1996,NA,NA,NA,NA,NA,NA,NA,NA,87.3,NA,NA,NA,NA,NA,NA,NA,-17.357871,-26.056112,-25.758668,1.416931,-16.898249,-26.730731,-28.056979,3.4887,90.538603
01/06/1996,18284,-1.129562229,425029.4,0.192642712,40.286846,30.229764,82.703714,83.93744,87.4,NA,NA,NA,NA,NA,NA,NA,-16.170021,-29.175086,-35.281056,8.21151,-16.273594,-26.255992,-34.040108,1.874533,88.843251
01/07/1996,NA,NA,NA,NA,NA,NA,NA,NA,84.3,NA,NA,NA,NA,NA,NA,NA,-11.517234,-19.334897,-17.994357,10.789192,-17.481626,-29.579092,-27.097572,0.641139,88.691969
01/08/1996,NA,NA,NA,NA,NA,NA,NA,NA,88.2,NA,NA,NA,NA,NA,NA,NA,-8.201371,-14.885566,-14.069648,10.989675,-15.162091,-27.03449,-23.25674,1.716068,89.290103
01/09/1996,18525.1,1.310020881,426670.1,0.385277209,29.126974,28.347388,82.481174,81.235436,87.7,NA,NA,NA,NA,NA,NA,NA,-6.23439,-14.006625,-10.144939,10.944433,-12.923544,-24.489888,-18.554401,2.548031,89.580652
01/10/1996,NA,NA,NA,NA,NA,NA,NA,NA,86.2,NA,NA,NA,NA,NA,NA,NA,-9.358863,-18.343913,-18.561343,1.452731,-11.389685,-24.019515,-19.181924,3.923416,88.280925
01/11/1996,NA,NA,NA,NA,NA,NA,NA,NA,88,NA,NA,NA,NA,NA,NA,NA,-10.254039,-17.48141,-6.759391,-3.61997,-11.721496,-22.421902,-12.13818,3.805341,89.025949
01/12/1996,18476.3,-0.263773956,428311.3,0.383915256,28.152239,27.249372,79.8949,78.7696,86.6,NA,NA,NA,NA,NA,NA,NA,-11.079012,-27.182314,-13.874837,10.784472,-13.10881,-24.161752,-13.492308,5.452385,91.255007
01/01/1997,NA,NA,NA,NA,NA,NA,NA,NA,86.9,NA,NA,NA,NA,NA,NA,NA,-7.498174,-24.857494,-18.560439,9.576835,-9.192958,-19.580832,-15.851182,5.295043,94.786621
01/02/1997,NA,NA,NA,NA,NA,NA,NA,NA,87.2,NA,NA,NA,NA,NA,NA,NA,-5.479236,-21.034497,-19.947208,13.347642,-9.78073,-20.875141,-11.873377,6.192027,96.734063
01/03/1997,18217.1,-1.412811631,430139.7,0.4259772,37.680737,27.59257,82.244067,82.281729,89.5,NA,NA,NA,NA,NA,NA,NA,-12.546672,-21.51522,-12.181779,3.368802,-8.810859,-19.295988,-5.89872,11.2055,98.708182
01/04/1997,NA,NA,NA,NA,NA,NA,NA,NA,93.6,NA,NA,NA,NA,NA,NA,NA,-12.027495,-25.090572,-8.770665,11.746453,-9.548839,-21.241896,-9.575847,10.167166,99.399583
01/05/1997,NA,NA,NA,NA,NA,NA,NA,NA,90.1,NA,NA,NA,NA,NA,NA,NA,-12.263669,-25.655763,0.104379,8.764419,-6.333445,-13.383415,-4.903011,10.988689,97.345807
01/06/1997,18701.3,2.623232675,434654.5,1.044142298,34.935136,23.547969,82.178819,82.733073,91.4,NA,NA,NA,NA,NA,NA,NA,-10.426964,-24.475062,18.060019,11.296685,-5.368676,-13.953523,5.230991,9.592009,93.747515
01/07/1997,NA,NA,NA,NA,NA,NA,NA,NA,92.2,NA,NA,NA,NA,NA,NA,NA,-9.200883,-17.065981,6.066766,7.754456,-4.429607,-11.516637,0.953478,11.19559,92.623634
01/08/1997,NA,NA,NA,NA,NA,NA,NA,NA,99.1,NA,NA,NA,NA,NA,NA,NA,-1.124043,-4.157506,15.716606,15.105317,-1.480967,-5.509565,9.158469,12.777896,93.719997
01/09/1997,18986.6,1.514042703,438976.5,0.989441826,31.589073,19.85981,83.120729,83.357032,93.9,NA,NA,NA,NA,NA,NA,NA,5.567998,5.169511,25.366446,22.12759,1.366447,0.497506,18.248649,14.056524,94.414638
01/10/1997,NA,NA,NA,NA,NA,NA,NA,NA,95.4,NA,NA,NA,NA,NA,NA,NA,0.783138,-10.254132,10.933561,19.955776,0.004683,-6.291716,9.654502,16.207602,94.069509
01/11/1997,NA,NA,NA,NA,NA,NA,NA,NA,95.2,NA,NA,NA,NA,NA,NA,NA,2.197667,-1.534323,26.266091,24.793011,-0.822018,-3.6306,17.520526,14.060434,96.952015
01/12/1997,19507.4,2.706041357,443314.5,0.983356955,24.435599,15.83262,83.055275,85.337368,95.4,NA,NA,NA,NA,NA,NA,NA,6.194289,-0.094789,23.402142,25.530325,3.001051,1.726398,19.112166,16.20394,98.193904
01/01/1998,NA,NA,NA,NA,NA,NA,NA,NA,96.5,NA,NA,NA,NA,NA,NA,NA,3.258025,-6.217349,12.695037,25.395088,2.329882,-0.919164,10.745289,17.307075,100.356715
01/02/1998,NA,NA,NA,NA,NA,NA,NA,NA,97.5,NA,NA,NA,NA,NA,NA,NA,1.04541,-6.739761,9.987288,22.521965,2.350042,2.744063,9.97199,16.29938,101.948808
01/03/1998,20332.7,4.143654672,447563.6,0.953920008,33.954167,18.405236,84.129467,84.724751,93.9,NA,NA,NA,NA,NA,NA,NA,10.206453,12.877245,26.596578,35.312294,7.072277,10.832862,16.489638,20.240361,104.169818
01/04/1998,NA,NA,NA,NA,NA,NA,NA,NA,97.7,NA,NA,NA,NA,NA,NA,NA,13.947556,16.396558,19.92102,37.749844,4.645583,7.5238,8.406779,17.236244,105.03237
01/05/1998,NA,NA,NA,NA,NA,NA,NA,NA,100.7,NA,NA,NA,NA,NA,NA,NA,14.812688,11.350837,11.996987,35.767379,4.369951,8.589257,7.63739,15.972079,104.852624
01/06/1998,21105.4,3.729850443,450768.5,0.713525343,-13.378364,4.53917,83.941747,87.623819,99.4,NA,NA,NA,NA,NA,NA,NA,23.443837,30.309453,27.495959,37.465372,8.610823,10.246466,10.780048,22.862341,104.644248
01/07/1998,NA,NA,NA,NA,NA,NA,NA,NA,100.8,NA,NA,NA,NA,NA,NA,NA,27.691301,31.823553,24.35046,35.296181,5.764432,8.343246,8.394572,14.113375,107.617777
01/08/1998,NA,NA,NA,NA,NA,NA,NA,NA,97.6,NA,NA,NA,NA,NA,NA,NA,23.927745,33.989824,25.698931,29.723448,4.626979,7.882351,6.605873,13.13478,104.569061
01/09/1998,21478.6,1.75281587,453100,0.515894773,-3.542956,8.203463,85.650703,87.140063,101.4,NA,NA,NA,NA,NA,NA,NA,19.22509,33.995334,27.047403,23.751958,3.365314,7.421456,5.729446,11.783552,101.135288
01/10/1998,NA,NA,NA,NA,NA,NA,NA,NA,100.2,NA,NA,NA,NA,NA,NA,NA,7.816359,15.451252,12.139223,10.160169,-4.500594,-3.797327,-2.988711,0.818892,99.196677
01/11/1998,NA,NA,NA,NA,NA,NA,NA,NA,101.8,NA,NA,NA,NA,NA,NA,NA,8.521863,8.592239,4.941653,14.931152,-5.68903,-9.410553,-8.214491,2.5581,100.406867
01/12/1998,21903.4,1.958478531,456206.2,0.683204862,-16.010064,10.089008,84.59587,86.386124,100.5,NA,NA,NA,NA,NA,NA,NA,10.530154,19.633516,6.662697,19.985,-7.37252,-9.932257,-10.727795,5.83184,99.739955
01/01/1999,NA,NA,NA,NA,NA,NA,NA,NA,100.8,67.1,NA,NA,80.27,NA,NA,72.34,2.962663,14.1937,8.13085,11.284994,-9.258915,-8.789691,-8.647492,0.000867,100.362526
01/02/1999,NA,NA,NA,NA,NA,NA,NA,NA,101.4,67.1,NA,NA,82.89,NA,NA,70.96,6.224717,16.819875,7.576428,12.297355,-6.375288,-8.665986,-14.191226,5.703321,101.609015
01/03/1999,22868.9,4.313603302,459345.1,0.685687912,-14.235102,12.701699,84.808813,88.38295,99.7,65.6,NA,NA,80.09,NA,NA,85.16,0.245637,2.144403,-10.431351,1.766805,-10.484902,-16.628975,-22.192561,-1.077365,103.01707
01/04/1999,NA,NA,NA,NA,NA,NA,NA,NA,103.4,66.8,NA,NA,76.88,NA,NA,79.91,0.740386,2.505231,-10.878296,11.338173,-8.063736,-17.548723,-19.959115,9.169828,103.17691
01/05/1999,NA,NA,NA,NA,NA,NA,NA,NA,104.5,66.3,NA,NA,88.52,NA,NA,77.44,-1.563422,4.019093,6.680407,-0.505008,-7.550244,-11.906711,-10.688875,4.28331,104.220535
01/06/1999,23400.7,2.298802751,462323.7,0.646351568,1.071381,18.730678,84.267509,87.748224,104,67.8,NA,NA,90.81,NA,NA,86.09,1.075161,-0.51785,-3.028261,6.591295,-6.259095,-16.685415,-14.644839,9.275401,104.8146
01/07/1999,NA,NA,NA,NA,NA,NA,NA,NA,105.5,69.5,NA,NA,84.2,NA,NA,89.79,9.759589,11.938179,4.375321,23.814299,-0.985646,-5.050489,-7.557443,13.837105,108.757426
01/08/1999,NA,NA,NA,NA,NA,NA,NA,NA,100,67.6,NA,NA,84.81,NA,NA,89.3,11.476055,14.01448,6.706472,20.647186,2.910308,-0.097698,-2.60907,16.680795,111.672371
01/09/1999,23893.4,2.083633373,469133.9,1.462293367,-8.480791,11.036302,84.432104,88.721687,106.2,67.9,NA,NA,85.04,NA,NA,78.87,12.373655,14.397743,9.037623,16.990869,6.652693,4.855094,3.281036,19.063774,113.84526
01/10/1999,NA,NA,NA,NA,NA,NA,NA,NA,107.5,69.5,NA,NA,89.27,NA,NA,91.38,15.553635,15.672469,2.036269,26.073225,6.408412,5.675634,1.044909,20.139394,117.823807
01/11/1999,NA,NA,NA,NA,NA,NA,NA,NA,106.7,70.3,NA,NA,86.19,NA,NA,88.43,16.828767,16.913181,9.457689,27.024244,9.834572,9.676324,9.791086,22.376498,118.018205
01/12/1999,24391.9,2.06488398,475778.1,1.40633403,-15.052517,7.037312,84.989534,88.909027,107.1,66.6,NA,NA,90.62,NA,NA,85.95,17.30908,16.767185,7.271086,18.69259,6.729304,12.311727,10.054171,12.657019,114.985665
01/01/2000,NA,NA,NA,NA,NA,NA,NA,NA,108.7,70,NA,NA,125.36,NA,NA,106.39,18.829553,20.703455,9.504607,27.506232,6.661872,10.213178,7.835634,14.70461,113.510682
01/02/2000,NA,NA,NA,NA,NA,NA,NA,NA,108.7,68.1,NA,NA,111.87,NA,NA,94.42,15.109032,24.806644,19.309453,25.688642,9.594958,14.862676,14.052113,16.278248,110.835254
01/03/2000,25280.9,3.579805994,480410.5,0.968937769,-6.847876,-0.98116,84.881762,87.626673,109,69.7,NA,NA,119.75,NA,NA,106.66,16.922191,26.560449,26.117254,15.109785,11.721305,18.027413,18.156092,15.62539,108.908487
01/04/2000,NA,NA,NA,NA,NA,NA,NA,NA,109.8,69.8,NA,NA,113.01,NA,NA,97.52,20.371612,22.65883,18.152893,26.499468,12.391641,15.352,12.605293,20.043529,105.377022
01/05/2000,NA,NA,NA,NA,NA,NA,NA,NA,111.4,71.5,NA,NA,126.23,NA,NA,118.72,22.493036,35.187226,23.335213,25.748664,13.402603,24.010532,19.825932,21.831046,112.128479
01/06/2000,25008.5,-1.083340283,485728,1.100784969,-23.728507,-6.990364,86.178284,88.399527,110.1,71.2,NA,NA,119.18,NA,NA,109.99,23.946973,42.490616,35.323718,27.279077,15.229201,27.816747,25.695215,21.685838,118.520541
01/07/2000,NA,NA,NA,NA,NA,NA,NA,NA,110.6,72.6,NA,NA,121.53,NA,NA,102.91,15.270229,32.944196,26.14515,15.160344,14.029713,22.446713,19.976642,19.957547,113.509798
01/08/2000,NA,NA,NA,NA,NA,NA,NA,NA,108.2,72.1,NA,NA,126.29,NA,NA,103.33,16.636704,30.791063,24.491587,19.593607,13.747112,21.575794,19.457151,21.36294,116.801465
01/09/2000,26568.2,6.049924482,489489.7,0.771462343,-32.941656,-11.202969,87.151337,89.652155,109.5,72.6,NA,NA,131.31,NA,NA,116,17.355636,27.613599,22.838024,23.39919,13.269252,20.704875,19.909854,22.182559,119.270756
01/10/2000,NA,NA,NA,NA,NA,NA,NA,NA,111.4,72.1,NA,NA,142.35,NA,NA,106.69,20.413241,23.303503,15.616128,36.235857,13.112511,13.994875,14.793396,25.699611,113.660848
01/11/2000,NA,NA,NA,NA,NA,NA,NA,NA,113.2,73.5,NA,NA,137.82,NA,NA,123.17,23.330778,25.898694,9.861357,36.551029,11.790743,12.947476,12.987991,26.134091,117.96384
01/12/2000,26488.3,-0.301188583,492463,0.605591102,-27.018404,-8.46003,87.04558,89.610495,115.6,74.9,NA,NA,155.66,NA,NA,120.48,11.698202,18.427288,3.253378,23.547423,5.843866,7.325421,6.469272,18.606533,123.84905
01/01/2001,NA,NA,NA,NA,NA,NA,NA,NA,113.6,72.2,NA,NA,136.51,NA,NA,113.54,11.370214,21.249055,15.892436,28.96567,4.614291,4.286843,9.440301,19.952558,118.323363
01/02/2001,NA,NA,NA,NA,NA,NA,NA,NA,114.1,77.1,NA,NA,138.79,NA,NA,125.4,12.669771,22.521261,13.280235,28.095655,5.530985,9.749777,11.845691,15.929781,117.991707
01/03/2001,26377.5,-0.419175203,495026.3,0.519156158,-24.785553,-5.807048,87.262188,89.678414,116.3,75.4,NA,NA,151.42,NA,NA,125.32,10.379128,17.268689,12.314318,25.83316,2.446704,5.003963,5.969583,12.830017,117.005225
01/04/2001,NA,NA,NA,NA,NA,NA,NA,NA,110.7,73.1,NA,NA,134.47,NA,NA,109.89,8.237018,16.393268,6.722285,14.947607,-1.563769,-0.341725,-2.44374,7.326362,113.666767
01/05/2001,NA,NA,NA,NA,NA,NA,NA,NA,112.3,75,NA,NA,128.93,NA,NA,109.53,9.733731,23.235411,18.672463,11.576745,-2.108822,1.991727,0.535042,7.701499,111.225781
01/06/2001,26049.9,-1.249744461,495142,0.023369765,-14.543215,1.170404,86.52217,89.096827,113.4,74.2,NA,NA,129.59,NA,NA,114.12,11.29182,21.423787,9.635064,17.844699,-1.8863,0.702239,-2.412449,7.846145,110.427091
01/07/2001,NA,NA,NA,NA,NA,NA,NA,NA,109.8,75.1,NA,NA,131.89,NA,NA,112.68,4.246622,8.736236,-1.176203,15.529609,-3.827594,-7.211662,-13.320253,9.760023,103.869804
01/08/2001,NA,NA,NA,NA,NA,NA,NA,NA,116.1,79.3,NA,NA,124.94,NA,NA,119.13,0.297923,3.729232,-7.202444,9.65565,-7.826693,-10.576558,-17.673148,3.819235,102.930607
01/09/2001,26082.4,0.124682794,497993,0.574143058,-14.137013,5.019846,85.538344,87.908864,113.9,76.4,NA,NA,116.54,NA,NA,99.72,-3.95804,-1.171087,-13.228685,3.060455,-12.057235,-13.941454,-21.0206,-2.815884,101.066852
01/10/2001,NA,NA,NA,NA,NA,NA,NA,NA,112.9,75.5,NA,NA,128.37,NA,NA,116.16,-7.45765,-3.11605,-0.967851,-8.150134,-13.811524,-18.752825,-15.189827,-6.50941,113.54323
01/11/2001,NA,NA,NA,NA,NA,NA,NA,NA,110.8,74,NA,NA,121.61,NA,NA,100.67,-10.792335,-6.194377,-7.934287,-17.495567,-19.083011,-24.39634,-22.004586,-14.415054,102.304142
01/12/2001,25460.8,-2.412074289,495816.8,-0.437951704,6.166612,17.606037,85.102651,87.246921,111.4,75,NA,NA,107.73,NA,NA,86.75,-7.551302,-9.568319,-10.901014,-2.740531,-14.974708,-22.027813,-21.122047,-4.269044,103.602723
01/01/2002,NA,NA,NA,NA,NA,NA,NA,NA,112.1,76.8,149.42,178.74,166.49,138.99,151.44,139.85,-4.487059,-9.692273,-0.100221,6.62585,-10.927396,-21.899634,-17.981893,3.511329,98.700305
01/02/2002,NA,NA,NA,NA,NA,NA,NA,NA,113.7,75.7,175.29,187.09,183.42,136.32,152.5,140.62,-7.326424,-12.425171,-9.996442,-0.458746,-9.06665,-16.734642,-20.671116,2.926722,104.294397
01/03/2002,25322.6,-0.544273685,498657.3,0.571258261,12.103473,17.831725,84.936485,85.49002,112.9,74.3,135.1,166.79,155.57,127.33,152.26,131.94,-0.743139,-10.970256,-11.549019,13.81701,-7.157239,-17.756345,-20.697996,9.695222,101.94111
01/04/2002,NA,NA,NA,NA,NA,NA,NA,NA,115.1,77.4,135.58,177.01,158.81,137.34,171.86,152.96,-5.420757,-11.793681,-14.489809,3.88644,-7.375674,-16.735323,-17.374175,6.960114,107.984822
01/05/2002,NA,NA,NA,NA,NA,NA,NA,NA,111.6,75.6,125.11,141.44,136.42,135.6,147.43,137.75,4.300279,-3.045159,-8.012841,20.416745,-1.972686,-10.838663,-12.099205,13.653884,106.627249
01/06/2002,24544.5,-3.120948107,500991.6,0.467024821,1.653459,12.253676,85.889091,87.006037,112.7,74.9,124.62,150.47,140.64,126.19,153.15,134.94,-0.007179,-4.829937,-11.178143,11.502961,-3.702819,-13.489149,-15.301522,12.18625,105.411618
01/07/2002,NA,NA,NA,NA,NA,NA,NA,NA,109.9,75.2,134.97,145.8,143.31,125.25,151.81,135.06,-1.448664,-7.706313,-7.347747,12.8871,-7.698174,-20.214527,-18.649336,8.425407,106.003674
01/08/2002,NA,NA,NA,NA,NA,NA,NA,NA,114,76.5,128.18,171.92,151.77,154.07,170.2,154.48,-2.722972,-8.16921,-10.321777,9.821386,-7.240236,-17.60262,-20.140458,8.178873,99.826287
01/09/2002,25166.8,2.503786903,503086.9,0.417358412,4.84763,11.524974,85.116257,85.780656,111,75.9,150.32,153.12,153.15,118.65,153.83,130.86,-3.925769,-7.203925,-13.295806,5.866239,-7.073505,-14.990713,-20.587911,7.05872,92.609611
01/10/2002,NA,NA,NA,NA,NA,NA,NA,NA,109.3,75.1,132.54,163.11,150.51,132.38,166.95,145.18,-3.286558,-10.003392,-12.456753,10.288863,-8.806158,-19.374971,-21.501506,7.101395,95.514375
01/11/2002,NA,NA,NA,NA,NA,NA,NA,NA,110.7,75.9,145.95,155.43,151.52,110.8,170.51,130.94,-3.751072,-12.913149,-20.21343,17.958467,-9.564203,-18.151724,-17.599348,6.420207,104.136235
01/12/2002,25473.6,1.211695617,503521.5,0.086349374,9.545397,18.859654,84.683777,84.40887,106.7,77.5,132.43,182.06,159.99,123.68,198.53,151.18,-0.345883,-3.5162,-5.021138,12.718511,-5.410201,-11.095279,-10.005402,8.129515,97.752788
01/01/2003,NA,NA,NA,NA,NA,NA,NA,NA,112,76,144.36,193.99,172.29,116.49,207.04,150.47,-3.658328,-9.637455,-16.434726,5.580646,-5.993885,-17.171063,-15.735602,6.685303,98.067187
01/02/2003,NA,NA,NA,NA,NA,NA,NA,NA,111.6,75.8,122.23,179.2,154.39,123.61,173.12,141.52,-7.593682,-10.228575,-12.718824,-2.838243,-8.79048,-17.684312,-13.864627,1.962285,96.048443
01/03/2003,25260.6,-0.839675215,505053.1,0.303715992,6.680356,18.64575,85.128714,85.554776,112.5,78.2,161.31,202.67,185.62,154.27,181.59,164.67,-14.883302,-24.046229,-31.557636,-12.737366,-12.160403,-22.826661,-27.270956,-4.170516,92.335477
01/04/2003,NA,NA,NA,NA,NA,NA,NA,NA,112.1,76,138.07,171.8,158.9,113.13,153.57,125.35,-10.64221,-28.655067,-35.406388,-2.625899,-10.926241,-27.342097,-29.995382,0.358758,92.497007
01/05/2003,NA,NA,NA,NA,NA,NA,NA,NA,108.4,73.9,124.95,174,154.11,99.35,186.23,131.84,-12.566879,-31.470529,-23.269067,-6.47625,-10.684993,-27.904415,-27.083856,0.720086,91.319979
01/06/2003,24922.7,-1.346683485,502802.9,-0.446532786,7.608714,15.573844,84.959263,85.426943,105,75.7,132.43,159.67,149.39,128.78,167.66,142.32,-15.852765,-30.92178,-31.558324,-17.92739,-13.547835,-30.530785,-32.863924,-3.675706,93.348897
01/07/2003,NA,NA,NA,NA,NA,NA,NA,NA,109.1,75,130.95,174.48,157.44,126.34,157.57,137.35,-7.247403,-20.188272,-27.76988,-1.089482,-9.857582,-23.337767,-28.930604,3.871133,94.526215
01/08/2003,NA,NA,NA,NA,NA,NA,NA,NA,109.1,76.5,123.5,165.82,146.49,123.01,158.38,135.69,-11.823086,-28.794021,-24.021957,-1.645112,-10.81472,-26.63765,-28.42083,4.981266,96.463468
01/09/2003,25884,3.784598244,508260.1,1.079508002,14.180491,17.230159,84.779877,85.243528,107.9,76.3,129.12,163.89,149,126.98,148.98,133.93,-16.029457,-34.89389,-20.274034,-3.256292,-12.120979,-29.937533,-26.82736,5.044039,96.88457
01/10/2003,NA,NA,NA,NA,NA,NA,NA,NA,112.8,76.7,143.96,175.54,162.33,139.24,170.65,150.7,-10.299213,-19.775931,-27.104483,-0.161301,-9.479793,-20.516444,-24.007627,3.129497,95.269873
01/11/2003,NA,NA,NA,NA,NA,NA,NA,NA,109.6,77.3,127.35,196.94,166.63,144.62,178.71,154.56,-8.879215,-22.938182,-12.445216,11.029043,-4.57389,-20.245843,-12.994419,11.409667,92.986585
01/12/2003,25739.7,-0.559047011,510013.5,0.344387154,19.730507,24.040319,83.878148,84.172397,109,79.1,123.93,174.83,152.34,150.67,197.09,171.52,-7.42943,-15.283196,-0.471459,6.746708,-6.729373,-17.303883,-8.022617,5.805702,101.203395
01/01/2004,NA,NA,NA,NA,NA,NA,NA,NA,110.5,76.9,128.87,183.69,159.84,132.23,154.03,137.58,-9.805393,-22.38941,-7.772734,1.574038,-6.070775,-19.608702,-13.868963,7.842549,102.707357
01/02/2004,NA,NA,NA,NA,NA,NA,NA,NA,113.7,78,149.49,179.1,169.58,149.19,147.57,144.47,-9.460286,-30.075265,-17.584244,10.997673,-7.506748,-22.932003,-17.407492,8.249821,99.48844
01/03/2004,25615.4,-0.484081397,515550.7,1.079845378,3.806106,13.120225,83.85275,84.767866,110.5,77.5,143.21,165.98,156.66,130.56,166.12,144.95,-3.008705,-12.898937,-6.952472,10.676645,-5.162463,-17.669431,-10.203621,9.438133,98.677305
01/04/2004,NA,NA,NA,NA,NA,NA,NA,NA,113.4,76.7,128.26,196.52,167.49,149.03,190.03,160.59,-7.345249,-22.236541,-4.975681,9.026174,-5.792864,-18.047361,-8.115415,9.659118,96.774774
01/05/2004,NA,NA,NA,NA,NA,NA,NA,NA,111,77.9,150.02,189.21,173.76,152.11,182.91,158.76,2.670247,-18.817015,-18.054823,26.473325,-2.21432,-14.503465,-13.110437,14.807967,105.713205
01/06/2004,25671.8,0.219938007,517805,0.436307377,-0.83043,10.484425,83.330726,83.276625,112.7,78.6,156.53,156.16,157.25,143.64,166.33,151.8,3.943874,-9.282844,-3.665557,24.9449,-2.176975,-14.034232,-8.639355,13.843571,101.059009
01/07/2004,NA,NA,NA,NA,NA,NA,NA,NA,115.6,79.1,129.91,175.12,157.24,151.01,159.34,152.35,-1.017287,-14.97413,-7.098784,16.284705,-3.490488,-14.380735,-9.582504,11.869857,103.925339
01/08/2004,NA,NA,NA,NA,NA,NA,NA,NA,107.4,75.5,159.64,174.37,166.6,136.93,165.59,144.51,-2.221753,-18.637075,-11.833646,20.452786,-3.568155,-14.483346,-10.238421,12.952522,102.348904
01/09/2004,25551.9,-0.468143531,519653.2,0.35629425,-0.743316,8.364657,83.803951,83.915763,115.3,77.4,158.25,181.04,171.02,136.49,170.78,148.29,-3.00578,-19.388356,-16.568507,23.332808,-4.08154,-14.585957,-9.768519,12.728033,99.049124
01/10/2004,NA,NA,NA,NA,NA,NA,NA,NA,117,78.2,159.41,172.77,167.25,136.72,170.71,147.84,1.62224,-13.71213,-11.749839,21.041409,-3.317825,-14.382347,-9.585384,10.401277,98.89457
01/11/2004,NA,NA,NA,NA,NA,NA,NA,NA,113.9,77.7,132.83,181.56,160.21,120.79,160.27,133.7,-1.782049,-8.440931,-9.547977,16.637244,-4.872623,-15.386238,-11.712939,9.367573,99.783544
01/12/2004,26014.1,1.792702084,524264.2,0.883408972,6.702424,13.017038,83.739552,83.268252,114.1,78.6,150.87,187.74,171.31,120.33,146.43,127.94,-0.387176,-5.650997,-8.109827,18.836836,-2.53979,-13.25452,-11.221167,14.938469,98.991768
01/01/2005,NA,NA,NA,NA,NA,NA,NA,NA,117.4,80,134.56,157.45,147.78,140.53,138.14,135.18,-8.257097,-8.090851,-8.253726,3.632638,-5.283826,-12.787869,-10.906866,8.590354,102.108631
01/02/2005,NA,NA,NA,NA,NA,NA,NA,NA,115.7,79.3,147.42,153.91,150.92,147.31,127.9,136.1,-7.897344,-11.99324,-7.637836,4.922275,-6.526762,-16.163413,-11.699107,6.09226,100.037442
01/03/2005,26377.2,1.386130192,525845.8,0.301225814,10.330545,12.666212,83.366683,83.357396,112.1,79.6,143.33,158.4,153.57,139.68,127.45,129.65,-7.100104,-19.772034,-18.540182,8.225469,-10.267086,-23.63447,-18.31479,5.642544,103.286675
01/04/2005,NA,NA,NA,NA,NA,NA,NA,NA,116.6,80.9,145.48,163,155.46,143.13,128.05,138.09,-6.740763,-13.934638,-20.103749,4.623186,-11.179083,-21.975705,-20.363044,2.023021,104.818623
01/05/2005,NA,NA,NA,NA,NA,NA,NA,NA,115.8,82.9,144.34,159.24,154.09,145.87,120.18,131.6,-5.420035,-12.128773,-10.097693,17.506918,-11.866876,-23.299938,-20.906512,7.21197,101.793641
01/06/2005,26351.5,-0.097480128,526999.1,0.219082689,13.354145,17.350782,83.760978,85.656448,115.7,82.5,140.72,167.75,157.16,144.69,131.11,139.08,-3.209559,-11.447412,-7.606415,17.527956,-9.498657,-19.749683,-16.313616,7.253413,102.354858
01/07/2005,NA,NA,NA,NA,NA,NA,NA,NA,115,82.3,149.7,158.24,157.15,142.22,128.33,134.42,-4.399048,-9.260939,-8.098058,9.669932,-7.494163,-17.429825,-16.02998,8.571213,101.072241
01/08/2005,NA,NA,NA,NA,NA,NA,NA,NA,110,82.4,203.82,158.64,179.26,175.34,127.03,146.21,-5.262013,-14.221152,-11.363135,12.043153,-8.51821,-19.339946,-16.714016,7.097604,102.528082
01/09/2005,26029.5,-1.229468915,530996.4,0.75564008,11.773421,14.068597,83.736045,84.483031,118.3,83.7,205.84,161.19,180.62,167.43,147.84,158.16,-5.713421,-16.024043,-14.628212,12.875048,-10.077522,-21.250066,-16.227067,4.018198,101.687827
01/10/2005,NA,NA,NA,NA,NA,NA,NA,NA,111.7,80.9,175.65,170.41,173.2,153.47,144.13,148.28,-5.186089,-7.044742,-8.065915,6.515213,-5.725363,-14.474608,-11.445419,7.505722,104.096491
01/11/2005,NA,NA,NA,NA,NA,NA,NA,NA,119.1,87.8,210.65,166.53,185.48,151.28,159.46,153.4,-10.742269,-18.778411,-8.701659,2.843382,-8.270232,-18.433852,-8.390871,6.402979,100.503784
01/12/2005,26359.5,1.25982311,534656,0.686830788,6.920529,12.092948,82.845232,83.073808,116,82.5,178.48,161.95,168.05,159.91,153.87,162.06,-5.750926,-13.830474,-3.856001,14.310618,-4.276242,-13.886947,-5.993194,13.172569,101.530175
01/01/2006,NA,NA,NA,NA,NA,NA,NA,NA,116.7,82.2,155.32,166.98,162.36,157.7,139.2,143.36,-3.984682,-10.328779,-1.827844,12.679818,-4.272841,-12.052854,-5.547223,9.52812,101.830273
01/02/2006,NA,NA,NA,NA,NA,NA,NA,NA,115.7,83.1,143.75,170.48,159.09,140.85,157.88,145.19,1.429764,4.668006,16.247069,19.170329,-2.605081,-9.051342,4.507997,15.194235,101.528422
01/03/2006,26352.5,-0.026559417,539343.3,0.872873895,8.833757,10.02038,83.762237,83.874216,118.2,83.1,158.85,164.45,162.15,142.74,152.74,148.08,3.826465,8.718998,5.725882,17.852664,-2.844143,-9.699698,-0.67805,13.458798,103.545435
01/04/2006,NA,NA,NA,NA,NA,NA,NA,NA,115.7,86.3,169.47,169.17,172.55,139.26,179.67,150.53,1.221548,0.46629,3.284193,14.451109,-0.785529,-5.365276,-0.098816,13.452053,106.110079
01/05/2006,NA,NA,NA,NA,NA,NA,NA,NA,121.5,85.6,158.33,178.93,172.03,138.93,168.11,147.18,7.18056,9.621092,9.778116,21.91312,0.580923,-2.095175,2.824682,15.391463,103.9624
01/06/2006,27127.6,2.898851265,545826.1,1.194813846,-0.214982,6.199491,85.114884,87.474898,121.1,87.1,150.43,177.63,166.84,160.29,151.46,158,-0.399167,1.507531,15.538305,9.11355,-0.727113,-3.809606,4.97331,11.307093,108.724485
01/07/2006,NA,NA,NA,NA,NA,NA,NA,NA,118,84.1,136.91,159.25,151.58,134.06,150.49,138.89,-1.36946,1.864502,10.153829,6.958034,0.161627,-1.362761,5.37733,10.382294,108.475463
01/08/2006,NA,NA,NA,NA,NA,NA,NA,NA,115.9,85.1,141.88,167.12,155.73,118.09,140.48,125.89,-2.056093,-4.472034,4.348143,11.624506,0.40787,-3.357653,1.646757,11.622944,109.138065
01/09/2006,26884.4,-0.900546707,546216.9,0.071572276,4.056296,7.709825,86.092567,87.291408,121.3,87.7,128.4,166.65,150.04,144.57,154.77,146.65,-2.72296,-8.489125,-1.457543,14.433846,-0.003302,-5.352545,-0.864131,10.891349,107.010243
01/10/2006,NA,NA,NA,NA,NA,NA,NA,NA,119.8,88.3,128.88,173.31,154.55,130.02,156.56,138.4,-3.667676,-12.925998,-3.718745,13.953788,0.181375,-6.310089,-1.492652,13.682388,106.833501
01/11/2006,NA,NA,NA,NA,NA,NA,NA,NA,116.9,87.3,127.86,172.38,153.62,137.79,164.32,146.48,-0.713411,-9.39691,1.043908,25.982923,2.188497,-4.93954,2.19037,19.453506,111.00637
01/12/2006,27378.6,1.82154936,549198.9,0.544452137,4.554768,4.459461,86.254837,88.091528,119.8,87.3,131.65,165.61,151.74,126.38,152.62,133.72,-2.360947,-10.331228,5.567113,19.654441,1.34467,-4.632573,4.396985,17.608587,110.410216
01/01/2007,NA,NA,NA,NA,NA,NA,NA,NA,118.6,88,141.59,163.75,154.63,134.06,151.74,137.61,1.512221,-2.426743,-3.458869,20.404271,1.657226,-4.415856,-0.433997,17.605855,106.482608
01/02/2007,NA,NA,NA,NA,NA,NA,NA,NA,119.2,87.3,138.21,169.14,156.01,130.19,159.22,139.86,7.113046,6.972197,16.471569,23.919463,3.052483,0.172016,7.926843,15.886525,109.765097
01/03/2007,27914.9,1.939891011,554924.5,1.037139748,13.266801,9.769431,86.075418,88.331207,120.7,90.5,118.34,166.66,146.78,139.49,148.85,143.69,0.518218,1.396786,10.153919,18.059332,1.942023,1.385377,5.929414,14.345796,111.69491
01/04/2007,NA,NA,NA,NA,NA,NA,NA,NA,118.1,90.5,126.27,156.62,145.46,143.39,154.58,143.44,3.653004,6.275638,9.537458,17.500915,2.169196,3.768087,6.992533,11.890723,111.7544
01/05/2007,NA,NA,NA,NA,NA,NA,NA,NA,122.3,90.2,133.49,164.59,152.72,125.67,160.15,136.73,0.400076,2.285958,12.511627,12.227767,1.137717,2.390402,3.129971,10.624401,112.25052
01/06/2007,28486.2,2.025916303,558564.4,0.653785227,-7.377657,-0.364483,86.821407,88.972094,122.9,91.1,122.07,183.34,158.11,136.02,164.07,145.71,5.408746,10.965913,10.213568,15.632219,3.195274,4.635634,3.181366,12.921106,111.831995
01/07/2007,NA,NA,NA,NA,NA,NA,NA,NA,123.8,89.6,147.01,169.18,161.56,126.8,143,132.01,5.409919,14.656091,12.424079,16.885995,3.565594,5.042038,5.128126,14.546552,108.459742
01/08/2007,NA,NA,NA,NA,NA,NA,NA,NA,124.9,90.2,135.08,147.84,142.18,137.03,134.43,132.68,4.810016,10.219053,14.835888,19.625374,2.406646,3.1165,4.865131,15.54866,110.320081
01/09/2007,29314.3,2.865569209,560340.6,0.31748924,-4.086178,-2.756649,87.096643,89.596789,118.5,89.8,127.49,174.74,154.68,140.42,162.09,146.66,4.089513,8.075056,17.247697,20.136095,0.442488,1.190962,5.874067,14.135143,108.662618
01/10/2007,NA,NA,NA,NA,NA,NA,NA,NA,122.3,92.1,133.99,167.56,153.45,138.67,146.64,140.52,10.410524,10.085905,3.871122,29.436942,3.561972,0.232351,0.697604,18.486913,108.352622
01/11/2007,NA,NA,NA,NA,NA,NA,NA,NA,122.3,88,127.58,165.33,149.63,125.56,143.47,130.46,12.800194,9.646642,5.407957,27.703321,5.787674,3.131217,3.399287,20.738948,110.08426
01/12/2007,29797.3,1.634233381,560922.1,0.103722357,-9.970896,-3.514027,87.529189,90.621894,121.8,90.5,128.4,152.69,142.71,122.87,133.95,124.19,9.145537,5.819176,11.085922,19.785912,4.127887,3.262328,6.514775,16.846064,109.90976
01/01/2008,NA,NA,NA,NA,NA,NA,NA,NA,122.9,93.6,131.11,164.76,151,151.26,167.05,151.6,14.924699,14.767168,0.980724,33.076069,4.474369,1.008901,-1.803556,19.443188,110.926193
01/02/2008,NA,NA,NA,NA,NA,NA,NA,NA,125.4,91.9,121.51,175.23,154.81,139.01,153.53,142.37,12.217076,14.547197,13.317373,29.842315,2.335399,1.975073,2.864204,16.818898,113.210427
01/03/2008,30588.6,2.620960515,565777.9,0.861956167,-9.694358,-1.839602,86.923709,91.198853,123.9,92.6,123.89,174.42,155.01,142.96,147.66,138.91,11.464042,18.087403,9.314165,20.803597,1.647028,1.346137,0.749826,14.517823,109.202518
01/04/2008,NA,NA,NA,NA,NA,NA,NA,NA,127.6,94.1,136.78,171.47,156.91,137.3,141.32,140.75,9.909335,11.954401,6.835825,29.695646,-1.012453,-3.884897,-0.339622,17.186299,110.726695
01/05/2008,NA,NA,NA,NA,NA,NA,NA,NA,121.1,91,130.77,158.82,148.07,117.06,140.88,124.09,-1.435455,-3.119531,-3.968999,13.861873,-4.81319,-7.747124,-5.823899,6.482307,106.723002
01/06/2008,30344.5,-0.801210855,561549.8,-0.750113711,-4.424405,0.674491,86.174785,89.787218,118.8,92.7,141.06,162.89,153.71,128.74,156.91,138.04,-3.042824,3.455515,5.929144,11.557594,-5.960925,-8.588961,-4.644199,7.258719,103.083422
01/07/2008,NA,NA,NA,NA,NA,NA,NA,NA,121.1,93.2,119.76,162.62,145.87,139.2,153.1,144.25,0.042669,-4.764324,-12.084802,17.413524,-9.856435,-14.348376,-13.876126,1.162998,98.756805
01/08/2008,NA,NA,NA,NA,NA,NA,NA,NA,117.8,92.5,126.1,147.65,138.02,131.64,125.25,126.55,-3.065381,-2.848825,-12.377551,5.86428,-10.654481,-13.791152,-14.700299,-3.398147,95.681606
01/09/2008,30194.2,-0.496542902,560206.3,-0.239535251,0.520818,6.536519,85.833448,89.30503,116.9,91.7,119.1,173.16,150.27,131.69,152.2,138.45,-9.938404,-15.470908,-33.62152,5.894682,-15.338688,-24.628836,-28.372167,-4.082434,92.582643
01/10/2008,NA,NA,NA,NA,NA,NA,NA,NA,112.6,89.8,125.17,162.96,147.11,130.49,121.05,125.94,-20.263539,-24.938863,-31.329251,-14.571227,-21.103211,-30.913481,-27.454366,-15.646619,91.453303
01/11/2008,NA,NA,NA,NA,NA,NA,NA,NA,106.5,88.7,115.95,147.78,134.75,138.97,148.81,140.39,-32.868369,-46.231093,-53.439548,-28.42159,-28.800206,-43.425399,-43.854434,-22.859194,81.912875
01/12/2008,28186.8,-6.87960697,553087.1,-1.278961511,11.17584,16.477439,83.790405,86.159648,107.8,88.6,105.29,148.79,131.11,143.82,134.4,142.83,-44.695845,-54.172349,-57.007852,-38.561461,-38.507439,-56.925755,-52.160647,-29.39165,76.7659
01/01/2009,NA,NA,NA,NA,NA,NA,NA,NA,99.5,84.3,101.01,137.15,122.32,109.1,130.51,118.36,-44.111983,-52.133509,-61.511217,-45.666443,-34.48492,-50.303821,-52.983792,-30.193736,76.963006
01/02/2009,NA,NA,NA,NA,NA,NA,NA,NA,98.3,84.3,117.36,137.34,128.67,108.14,150.28,124.59,-49.847656,-64.963461,-72.043863,-44.561004,-36.407349,-59.146494,-61.080585,-30.012792,73.424571
01/03/2009,25082,-11.67033258,542754.7,-1.885802532,38.30715,33.737644,76.357724,76.040241,98.2,83.2,97.11,131.97,117.74,103.6,131.07,114.38,-39.999657,-67.543164,-74.368792,-34.119343,-38.62287,-65.713328,-67.767033,-29.450739,70.008048
01/04/2009,NA,NA,NA,NA,NA,NA,NA,NA,98.2,82,108.22,134.75,124.96,101.2,109.08,100.94,-34.095568,-65.873798,-66.28801,-25.486189,-33.276366,-59.722673,-61.24002,-22.463624,70.540875
01/05/2009,NA,NA,NA,NA,NA,NA,NA,NA,97.6,82.3,108.01,140.8,127.95,121.05,145.45,128.55,-33.687298,-66.100259,-68.455766,-21.302463,-29.235011,-61.758935,-65.040415,-16.551528,69.345085
01/06/2009,24255.4,-3.35111844,543719.2,0.17754688,43.05633,45.744413,72.295064,71.243189,100,83,107.05,132.55,121.72,99.84,101.72,97.61,-26.631694,-59.896064,-66.041177,-10.552053,-26.292275,-63.480634,-63.845028,-10.772136,75.134991
01/07/2009,NA,NA,NA,NA,NA,NA,NA,NA,97.1,87.4,96.96,120.18,111.22,126.2,136.57,129.89,-31.554375,-69.322047,-71.770809,-14.998526,-25.848745,-58.909842,-61.004542,-14.021556,79.157397
01/08/2009,NA,NA,NA,NA,NA,NA,NA,NA,100.5,83.7,98.48,151.4,128.47,110.51,120.96,115.97,-31.173522,-60.561946,-67.592394,-22.779861,-23.695319,-54.711237,-59.32195,-10.068257,80.397878
01/09/2009,24836.2,2.366299329,544545.4,0.151838102,33.183584,40.003198,73.377164,72.680254,100.1,83.2,93.74,123.72,110.93,107.98,128.79,114.85,-22.330287,-53.123962,-59.671978,-5.249872,-19.052162,-53.24228,-54.986439,-1.722139,80.735205
01/10/2009,NA,NA,NA,NA,NA,NA,NA,NA,100,83.3,99.12,135.41,120.51,102.67,129.54,110.26,-19.079945,-52.933823,-59.971881,1.764044,-17.860931,-52.547634,-50.593197,1.149638,83.064158
01/11/2009,NA,NA,NA,NA,NA,NA,NA,NA,101.8,84.4,106.53,122.42,115.87,96.19,96.74,93.81,-22.340507,-59.749402,-58.85182,-0.180561,-16.519702,-53.571708,-50.425256,6.926611,86.952554
01/12/2009,25616.6,3.093831254,548419.7,0.708955158,42.26164,42.80575,76.718515,77.242358,98.9,83.3,112.64,127.06,120.97,93.57,99.72,89.83,-19.434583,-57.170014,-61.663863,1.560584,-14.752622,-50.489049,-51.946456,2.548112,86.846998
01/01/2010,NA,NA,NA,NA,NA,NA,NA,NA,102.7,82.4,98.99,135.17,120.65,129.71,118.01,123.36,-18.912825,-48.307739,-60.902984,0.13616,-14.497007,-45.362488,-47.996986,0.610033,90.211688
01/02/2010,NA,NA,NA,NA,NA,NA,NA,NA,100.7,83.5,94.85,136.54,119.24,106.13,151.66,123.88,-23.562379,-53.795667,-58.683844,-10.627066,-17.717726,-48.119825,-46.723514,-4.271171,90.151885
01/03/2010,26307.1,2.659828589,550301.5,0.342544012,37.611464,26.214667,75.817655,75.404013,103.8,82.2,107.31,135.01,123.85,122.98,110.34,117.47,-20.528704,-48.785111,-51.448125,-11.510107,-12.444015,-43.498737,-41.648088,1.99962,91.835059
01/04/2010,NA,NA,NA,NA,NA,NA,NA,NA,104.2,85.7,93.79,141.88,122.16,106.76,164.58,127.68,-17.585674,-42.592354,-58.475299,-5.864737,-9.355987,-37.835825,-41.094184,7.507701,92.943193
01/05/2010,NA,NA,NA,NA,NA,NA,NA,NA,103.6,82.2,106.06,142.48,128.06,113.6,105.01,109.18,-21.084514,-37.491218,-53.877596,-6.918716,-11.132494,-33.6575,-36.723117,6.175604,96.054443
01/06/2010,27009.6,2.635349364,552867.6,0.465224167,19.154118,18.19259,78.185691,75.821281,104.5,87,113.2,152.85,135.72,146.78,137.4,144.38,-20.563487,-44.901253,-41.582776,-9.540864,-13.124236,-32.83994,-29.825527,-0.679339,97.35171
01/07/2010,NA,NA,NA,NA,NA,NA,NA,NA,103.3,86.8,123.85,141.29,134.86,138.38,168.08,149.63,-14.034973,-33.583633,-40.229876,-8.564138,-9.621048,-28.114148,-23.587685,0.644689,95.487894
01/08/2010,NA,NA,NA,NA,NA,NA,NA,NA,103.2,83.9,116.26,142.69,130.99,116.45,130.09,121.81,-14.355084,-36.159627,-39.465923,-5.429376,-6.962871,-26.793391,-23.035876,8.293638,91.705715
01/09/2010,27125.6,0.428557307,556495.7,0.65408923,10.321491,14.940184,79.467713,76.413568,106.1,87.3,111.36,132.2,123.01,122.85,123.54,122.4,-8.600864,-27.460502,-31.462954,2.775377,-3.475224,-20.853364,-19.841185,12.275441,100.313117
01/10/2010,NA,NA,NA,NA,NA,NA,NA,NA,106.3,84.8,110.91,138.12,126.94,123.95,134.23,125.71,-2.028309,-21.702577,-21.610864,10.562894,-2.361967,-22.778822,-14.107918,16.132672,103.624789
01/11/2010,NA,NA,NA,NA,NA,NA,NA,NA,106.1,89.5,110.31,134.48,124.45,115.83,143.56,124.91,-5.902241,-24.617296,-18.759599,0.99247,-5.596744,-24.258695,-16.438028,11.867818,105.533954
01/12/2010,26985.6,-0.517454103,559839,0.598979857,30.589721,19.893093,80.289846,80.116505,110.1,88.4,114.82,165.73,145.16,108.54,129.16,113.68,-1.480226,-16.186635,-20.611839,5.85651,-1.905676,-17.25107,-15.135332,12.824055,106.87734
01/01/2011,NA,NA,NA,NA,NA,NA,NA,NA,109.3,88.1,124.23,142.12,135.05,129.73,127.54,126.87,4.283957,-6.775609,-12.777721,14.765239,3.288271,-9.074253,-9.432742,17.529581,106.104955
01/02/2011,NA,NA,NA,NA,NA,NA,NA,NA,110.5,87.6,106.87,129.9,119.92,134.89,105.85,122.09,0.9281,-14.011854,-19.903927,9.971525,0.269011,-14.467277,-11.744232,15.674658,109.177034
01/03/2011,26933.9,-0.191767416,567204.5,1.30706665,22.697864,20.146197,81.41162,80.382002,108.1,88.7,112.99,148.55,133.83,119.56,134.38,126.18,8.569208,8.270682,-4.221502,22.125306,4.602306,-4.150789,-4.9102,20.107407,107.358328
01/04/2011,NA,NA,NA,NA,NA,NA,NA,NA,107.3,89,130.4,141.14,138.92,116.44,141.97,123.1,2.882613,3.163749,-1.896459,8.720851,2.994143,-3.861669,-3.548766,15.285944,107.245451
01/05/2011,NA,NA,NA,NA,NA,NA,NA,NA,113.8,89.8,125.22,153.24,142.31,130.06,135.75,130.13,2.089989,-3.630158,-1.073551,11.441811,-0.37589,-10.155022,-6.203438,10.536962,109.429987
01/06/2011,26572.8,-1.349758001,567282.4,0.013733081,3.917254,4.642901,84.001732,86.408835,106.5,88.4,104.75,137,122.9,116.91,122.49,117.59,10.622863,5.485044,5.34704,25.52435,1.791003,-5.960773,-0.087443,13.868798,106.552859
01/07/2011,NA,NA,NA,NA,NA,NA,NA,NA,108.2,90.4,111.82,145.64,132.17,124.04,115.05,119.75,5.295917,-4.750294,-3.126292,17.908444,-1.60428,-11.521843,-7.468575,13.110933,106.832488
01/08/2011,NA,NA,NA,NA,NA,NA,NA,NA,106.3,88.9,122.22,154.71,140.51,133,149.45,136.66,1.7321,-5.750481,-11.014514,19.436263,-6.111862,-14.661846,-15.006476,9.259964,103.486655
01/09/2011,26238.9,-1.264509376,569073.8,0.315288724,-4.880893,4.673357,82.805276,84.746904,107,89.9,112.99,153.69,136.23,118.37,130.27,122.04,-7.317281,-16.344779,-10.919853,4.865854,-9.042585,-17.838733,-15.476486,3.040725,102.988737
01/10/2011,NA,NA,NA,NA,NA,NA,NA,NA,108.5,90.5,111.16,135.04,125.18,110.66,132.45,116.71,-2.028635,-11.113755,-13.670205,13.678978,-10.286208,-19.649557,-14.332748,3.586986,102.077714
01/11/2011,NA,NA,NA,NA,NA,NA,NA,NA,112.7,94.6,102.36,153.74,132.58,145.72,116.85,134.88,-6.252644,-5.289375,-10.467775,1.657892,-10.457423,-17.41238,-16.104278,1.531884,98.599562
01/12/2011,27413.1,4.377795886,571068.6,0.34992156,3.762521,13.512384,83.695424,88.305751,110.7,89,103.16,140.37,125.34,118.47,130,121.79,-7.911521,-12.66793,-2.017577,1.072981,-12.158863,-24.841132,-17.269356,1.786222,96.851924
01/01/2012,NA,NA,NA,NA,NA,NA,NA,NA,107.7,92.2,109.69,150.68,133.96,155.36,118.53,135.07,-15.200236,-23.817294,-15.348203,-8.301192,-14.049056,-24.687459,-19.633224,-3.075555,95.47275
01/02/2012,NA,NA,NA,NA,NA,NA,NA,NA,107.6,92,103.94,155.88,135.91,149.86,120.41,136.45,-17.499776,-24.695065,-22.823912,-13.725752,-12.304038,-22.795254,-20.60877,-2.216723,93.164769
01/03/2012,27087.3,-1.195601797,570806.8,-0.045854391,14.212063,18.60212,81.778644,83.513797,109.6,90.5,101.26,144.71,126.79,132.89,159.38,143.72,-6.41762,-9.997364,2.891485,3.157453,-10.39949,-21.933794,-12.806344,0.303051,95.096442
01/04/2012,NA,NA,NA,NA,NA,NA,NA,NA,106.2,90.7,116.47,129.55,126.23,127.36,116.06,120.11,-12.997618,-17.190893,-15.671519,-6.575231,-10.901977,-22.065739,-18.305157,-1.886486,96.598425
01/05/2012,NA,NA,NA,NA,NA,NA,NA,NA,104.4,95.7,112.84,147.37,133.49,131.6,134.24,131.16,-14.691491,-23.36439,-13.920863,-5.587257,-11.681267,-25.129757,-19.598666,1.255147,88.952304
01/06/2012,27291.9,0.752497151,568557,-0.394922662,26.716537,21.47384,82.768909,85.230529,104.5,89.5,158.63,144.96,149.95,130.5,119.66,125.95,-12.565636,-24.63902,-17.518789,-2.383609,-12.799133,-26.008217,-19.890975,-0.810243,89.496944
01/07/2012,NA,NA,NA,NA,NA,NA,NA,NA,108.1,91.6,99.7,142.02,124.55,139.73,138.69,139.42,-11.061357,-20.649924,-25.830395,-1.096075,-12.930826,-25.899591,-24.780712,-0.559963,90.451367
01/08/2012,NA,NA,NA,NA,NA,NA,NA,NA,109.9,90.2,98.01,147.21,125.53,133.18,155.94,139.32,-12.157674,-25.14488,-21.413538,2.363699,-13.775173,-26.924015,-21.272734,-2.35285,88.706696
01/09/2012,27222.6,-0.254244421,570282.4,0.303010472,10.987056,17.340451,82.020415,83.388616,106.9,92.3,102.04,143.74,126.23,136.54,151.5,141.11,-13.556062,-20.820341,-20.306632,-8.475972,-11.893577,-25.034077,-21.64773,-2.469025,87.450883
01/10/2012,NA,NA,NA,NA,NA,NA,NA,NA,103.1,90.7,99.94,139.29,122.93,124.03,137.44,128.39,-16.919046,-28.044131,-26.350738,-8.472316,-19.184799,-36.93329,-27.681947,-6.601268,90.000201
01/11/2012,NA,NA,NA,NA,NA,NA,NA,NA,104.8,89.3,95.69,133.96,118.32,138.73,125.65,133.86,-17.241019,-31.946563,-28.061368,-1.309097,-14.94715,-28.66959,-23.456965,-2.683407,88.658781
01/12/2012,27068.3,-0.568420916,570203.1,-0.013906358,17.527511,19.968064,81.104939,83.399398,106.2,92.3,97.62,126.4,115.07,117.8,111.3,113.96,-15.480801,-31.68934,-35.399103,-4.828582,-15.329282,-30.512506,-27.842776,-3.987104,86.382902
01/01/2013,NA,NA,NA,NA,NA,NA,NA,NA,106,90.5,102.62,134.64,121.66,119.09,154.57,131.17,-19.545432,-29.489589,-39.281326,-18.342567,-14.347305,-28.013185,-29.124039,-9.827539,88.198695
01/02/2013,NA,NA,NA,NA,NA,NA,NA,NA,106.7,90.6,104.86,144.19,127.56,127.22,118.19,122.8,-11.205685,-29.354111,-25.994113,5.425681,-13.142555,-30.962536,-25.550741,0.72936,85.881732
01/03/2013,26581.5,-1.814781641,571289.9,0.190417344,10.9952,16.79695,81.854118,84.490099,107.7,94.9,98.27,141.42,124.72,168.41,129.48,148.18,-12.012175,-33.486928,-23.540389,2.845089,-12.832174,-33.374678,-23.276389,0.39575,83.542132
01/04/2013,NA,NA,NA,NA,NA,NA,NA,NA,109,92.1,112.07,124.73,119.95,141.93,147.54,146.82,-18.051831,-37.481175,-21.666335,-4.635472,-16.696852,-38.69549,-25.628181,-2.065899,83.291576
01/05/2013,NA,NA,NA,NA,NA,NA,NA,NA,108.2,90.2,99.35,114.05,108.36,115.08,123.39,117.18,-16.536624,-29.617133,-19.445261,-3.622186,-13.916031,-29.670657,-22.998927,-0.930649,84.854328
01/06/2013,26440.3,-0.532612374,576298,0.872810143,6.236477,17.666119,81.058265,82.671336,108.9,90.5,101.91,133.41,119.59,120.24,133.4,123.58,-9.529672,-28.158383,-23.530824,8.525705,-11.861051,-28.310534,-24.091392,1.290106,87.232771
01/07/2013,NA,NA,NA,NA,NA,NA,NA,NA,107.1,91.8,109.17,134.51,124.05,140.69,120.76,133.56,-4.685287,-21.19466,-19.677054,10.965555,-10.186356,-24.907591,-23.238905,4.1075,87.905668
01/08/2013,NA,NA,NA,NA,NA,NA,NA,NA,105.5,92.1,99.39,134.29,119.03,128.58,143.77,132.7,-6.110283,-16.42074,-10.094402,8.286106,-9.490957,-21.846634,-19.109999,5.28259,90.713699
01/09/2013,26607.6,0.63075279,574927,-0.238181181,10.617435,15.212322,80.859811,81.807824,107.3,91.3,108.1,128.59,119.62,134.5,102.71,121.21,-7.861975,-26.561393,-20.0638,8.840854,-10.102514,-24.992594,-20.473841,6.478236,92.606184
01/10/2013,NA,NA,NA,NA,NA,NA,NA,NA,107.6,92.6,97.27,140.47,122.51,141.65,126.06,136.29,-4.159373,-17.71159,-15.473004,13.776962,-8.532552,-23.825533,-17.553309,8.266283,94.946328
01/11/2013,NA,NA,NA,NA,NA,NA,NA,NA,108.6,92.3,105.33,128.69,119.06,122.87,130.49,124.54,-3.022107,-12.494279,-18.593138,18.763324,-10.267257,-22.532188,-20.42341,4.450849,91.672369
01/12/2013,27103,1.84475336,578440,0.609174853,18.104944,16.477719,80.921294,83.260282,106.6,88.8,97.89,133.61,119.42,108.62,136.84,117.67,-4.835553,-19.653756,-14.178502,15.431541,-8.082739,-20.374559,-16.065542,4.582141,93.125418
01/01/2014,NA,NA,NA,NA,NA,NA,NA,NA,106.9,93.3,97.34,123.51,113.08,141.29,128.45,131.79,-2.769708,-19.053518,-9.456468,18.977874,-5.578624,-18.29595,-13.991374,6.723722,93.323862
01/02/2014,NA,NA,NA,NA,NA,NA,NA,NA,108.8,90.9,101.05,133.42,119.95,119.26,150.93,130.71,-10.831549,-19.722014,-18.672885,5.549102,-8.808141,-21.269627,-18.520111,3.956555,92.036194
01/03/2014,26837.8,-0.983308133,578460,0.003457516,11.442021,15.490103,81.386088,82.42938,108.1,92.2,99.2,118.5,110.77,127.15,142.59,133.73,-4.348825,-18.607832,-10.994943,20.749753,-7.02211,-19.236037,-10.043797,8.267181,93.588077
01/04/2014,NA,NA,NA,NA,NA,NA,NA,NA,107.9,92.4,90.58,127.62,112.9,127.9,144.69,131.63,2.012017,-12.283046,-11.601838,22.971909,-5.733306,-17.546076,-14.792372,11.092585,94.451131
01/05/2014,NA,NA,NA,NA,NA,NA,NA,NA,106,91,94.92,134.36,118.08,136.27,129.32,132.03,-4.993577,-22.748875,-21.447267,13.459252,-9.610259,-22.344218,-20.559696,3.902364,93.67051
01/06/2014,26857.1,0.07188765,579905.4,0.249558689,20.239597,15.033174,81.641277,81.065949,109,95.2,107.95,132.98,121.98,126.49,127.06,125.87,-8.64492,-22.885865,-23.129353,12.257336,-12.092301,-26.551284,-21.54233,1.704838,92.944883
01/07/2014,NA,NA,NA,NA,NA,NA,NA,NA,110,92.9,94.58,147.57,125.24,129.59,109.16,122.32,-5.674209,-25.79651,-23.024083,16.280079,-10.899789,-23.316992,-18.20328,2.528822,92.577675
01/08/2014,NA,NA,NA,NA,NA,NA,NA,NA,106.6,88.4,95.24,129.33,114.78,102.66,139.27,119.59,-9.110904,-21.641012,-20.030179,7.643505,-12.689658,-22.508518,-15.781636,-3.134373,90.232786
01/09/2014,27064.5,0.769268801,583608.7,0.636573722,13.302825,11.388439,82.476819,82.914275,109.1,92.8,97.77,133.78,118.76,131.04,132.38,131.44,-8.703429,-19.844087,-13.676262,-1.995319,-10.807948,-23.824045,-18.293839,1.773041,90.958
01/10/2014,NA,NA,NA,NA,NA,NA,NA,NA,106.5,91.9,103.27,126.62,117.01,133.68,144.63,138.29,-12.191385,-24.852781,-21.768017,-4.782735,-8.950232,-22.834351,-17.501582,7.323968,91.90375
01/11/2014,NA,NA,NA,NA,NA,NA,NA,NA,103.9,90.8,97.47,137.81,121.81,148.64,143.34,146.16,-7.027345,-21.463768,-17.852194,6.683946,-8.063651,-20.2094,-13.687097,8.220852,93.284318
01/12/2014,26736.1,-1.220819391,581979.4,-0.279567209,22.399789,16.461685,81.871737,82.313624,110.2,93.2,100.53,122.53,113.92,127.12,121.72,128.06,-8.022423,-23.757087,-13.503841,6.990344,-10.29702,-20.0207,-11.826972,5.129807,93.819361
01/01/2015,NA,NA,NA,NA,NA,NA,NA,NA,107.1,94.7,99.88,136.79,121.71,155.57,120.52,135.94,-1.835064,-20.346143,-10.286317,20.106118,-7.859337,-21.156701,-13.027176,9.595102,91.321823
01/02/2015,NA,NA,NA,NA,NA,NA,NA,NA,107.8,97.2,104.3,135.93,122.83,141.12,159.19,146.03,-0.321847,-21.115443,-13.459369,19.813525,-7.377043,-24.37629,-15.376014,6.789159,92.740961
01/03/2015,27091.4,1.320162223,585373.7,0.581539479,23.349455,16.63956,81.51991,82.541582,107.4,95.1,101.36,125.58,116.15,114.06,149.48,126.9,0.20265,-11.17487,-5.285531,14.992046,-5.129433,-19.443554,-11.179627,8.904159,93.622947
01/04/2015,NA,NA,NA,NA,NA,NA,NA,NA,107,95.3,100.48,130.14,118.3,136.48,139.35,136.46,-0.500232,-12.141845,0.079785,16.94783,-5.954746,-16.834765,-7.81732,6.694814,92.935588
01/05/2015,NA,NA,NA,NA,NA,NA,NA,NA,107.6,95.1,102.3,145.53,127.14,132.26,135.53,132.35,-1.019384,-9.451885,-2.335406,18.028251,-6.91681,-18.505463,-10.659372,6.34669,96.459774
01/06/2015,27503.5,1.509693495,585792.2,0.071467248,22.463485,16.710532,82.8988,85.45336,108.4,104,100.97,123.99,113.71,157.77,151.45,158.3,-3.589383,-10.616955,-2.4601,13.916227,-6.985041,-20.317812,-11.492329,6.995152,97.520046
01/07/2015,NA,NA,NA,NA,NA,NA,NA,NA,105.4,95.1,97.72,124.79,113.26,126.08,131.53,128.28,-6.048285,-8.809499,0.973029,4.863438,-5.155585,-17.162052,-8.281849,8.448781,97.644281
01/08/2015,NA,NA,NA,NA,NA,NA,NA,NA,110.3,96.5,109.26,114.5,112.47,140.78,134.02,135.57,-6.248552,-2.847659,1.546341,2.498932,-5.63041,-11.874044,-7.668407,8.818071,101.151897
01/09/2015,27976.4,1.704802833,587277.3,0.253199115,27.167094,16.610312,82.857946,84.260212,110.5,97.1,94.21,136.54,118.63,130.46,137.35,133.07,-1.084264,-8.596828,1.638972,17.494624,-5.403835,-14.692843,-6.631661,13.259874,100.589388
01/10/2015,NA,NA,NA,NA,NA,NA,NA,NA,107.5,95.9,102.19,137.06,122.78,141.08,145.77,142.93,-1.307719,-5.176392,2.811478,17.282274,-3.888927,-14.414282,-7.413748,12.601057,101.667214
01/11/2015,NA,NA,NA,NA,NA,NA,NA,NA,104.8,98.6,100.16,130.31,118.12,135.9,146.75,139.84,0.280457,-4.667103,3.59411,19.804144,-7.753016,-15.925488,-8.513484,3.857461,100.183484
01/12/2015,28938.8,3.382195761,588720.1,0.245374815,15.335531,15.356223,83.164902,85.57634,108,96,102.3,128.61,118.37,110.72,156.81,128.23,-2.43997,-5.743078,1.767734,9.680337,-4.817333,-10.541527,-4.351973,7.535598,100.651983
01/01/2016,NA,NA,NA,NA,NA,NA,NA,NA,109.5,98.9,99.22,128.63,116.88,124.87,144.69,130.47,1.068727,-4.084174,4.264691,16.977258,-2.109653,-11.629321,-4.971522,10.99413,102.667604
01/02/2016,NA,NA,NA,NA,NA,NA,NA,NA,109,97.1,105.58,134.24,124.33,126.96,144.25,132.57,3.956844,0.516313,6.81665,24.559673,-0.41544,-12.442393,-6.375828,15.530097,100.931573
01/03/2016,29875.6,3.185883849,590570.5,0.313816038,13.616248,14.43078,82.203891,85.257822,106.3,96.7,109.09,130.33,123.29,125.09,155.17,132.07,1.860502,-7.121028,-1.535388,24.205516,-1.244662,-13.25496,-8.194675,15.923508,99.580806
01/04/2016,NA,NA,NA,NA,NA,NA,NA,NA,111.4,98.8,110.14,131.27,122.04,126.32,142.37,135.11,4.202769,-0.583797,1.590914,17.226848,-3.071417,-9.358077,-6.434576,9.387123,99.848827
01/05/2016,NA,NA,NA,NA,NA,NA,NA,NA,109.4,98.2,99.4,126.05,114.83,155.67,145.77,150.77,0.606328,-9.231006,-5.582037,15.367744,-5.284201,-12.338608,-9.523661,7.116946,101.467265
01/06/2016,29936.8,0.204639912,589512.3,-0.179343396,7.132752,11.738332,82.976919,86.047447,107.9,101.5,94.49,127.72,113.12,122.2,169.65,139.52,-5.127233,-11.213685,-4.988798,3.502655,-6.6466,-13.297762,-8.967485,7.620514,100.494463
01/07/2016,NA,NA,NA,NA,NA,NA,NA,NA,107.2,96.6,95.09,128.45,114.25,101.87,157.62,121.93,-7.567931,-9.062837,-5.466539,4.25251,-7.788539,-12.206774,-8.846352,4.308784,103.520818
01/08/2016,NA,NA,NA,NA,NA,NA,NA,NA,107.9,99.4,96.56,120.61,110.39,135,126.36,129.59,-8.097955,-9.690919,-5.378967,1.938714,-8.018686,-16.097166,-10.917511,1.390304,104.049844
01/09/2016,29582.1,-1.191904417,590304.5,0.134292056,6.334989,8.308284,84.057494,87.249755,107.6,99.6,94.02,124.36,111.44,122.25,140.69,128.77,-1.982229,-8.171034,-7.213463,21.716441,-5.127261,-13.23832,-11.583635,8.192236,104.128305
01/10/2016,NA,NA,NA,NA,NA,NA,NA,NA,107.4,97.2,103.74,119.69,113.32,113.22,128.58,117.43,-1.580477,-11.484341,-8.374586,26.010648,-4.631787,-14.024803,-9.727532,9.593831,105.030903
01/11/2016,NA,NA,NA,NA,NA,NA,NA,NA,108.7,103,109.18,123.22,117.57,122,148.26,131.62,-0.722515,-14.861172,-11.74058,17.937505,-4.922944,-15.197014,-10.108171,7.170967,105.955546
01/12/2016,29638.5,0.190474318,594016.3,0.62682546,8.505317,11.724284,83.487669,85.94449,108.2,110.7,109.09,126.03,119.79,179.12,139.12,177.37,-1.96739,-6.272396,-10.930838,12.442908,-3.37868,-9.5403,-7.895862,6.654202,106.281477
01/01/2017,NA,NA,NA,NA,NA,NA,NA,NA,108.1,99.7,99.49,124.15,114.39,104.45,130.32,115.25,-1.282575,-9.621872,-2.660067,16.102973,-1.527197,-9.978244,-3.782792,12.032827,104.69508
01/02/2017,NA,NA,NA,NA,NA,NA,NA,NA,108.9,102,96.76,110.36,104.89,129.98,122.69,126.65,1.948413,-5.761244,0.850985,19.662152,0.319872,-8.090913,-3.017606,15.056068,105.508038
01/03/2017,29996.7,1.201318375,598000.8,0.668533168,12.642173,10.059017,84.354222,86.773815,112.7,113,103.74,119.83,113.66,132.69,125.41,131.83,1.773763,-4.769498,2.443019,20.435405,-1.4498,-9.149444,-5.222976,11.946472,107.538216
01/04/2017,NA,NA,NA,NA,NA,NA,NA,NA,108.1,100.7,99.17,122.7,113.4,126.29,120.29,121.64,3.3998,-2.797813,1.431453,18.726691,0.964444,-4.615306,-2.02712,13.321277,105.800305
01/05/2017,NA,NA,NA,NA,NA,NA,NA,NA,113.1,107.1,93.16,119.76,108.45,161.89,128.56,149.61,7.040494,-1.09144,0.716547,29.543612,1.93349,-4.921912,-4.165925,15.417333,106.121059
01/06/2017,30309.4,1.037051982,602622.8,0.769937028,-3.935723,3.566173,84.405079,87.885786,111.5,104.4,99.1,115.55,108.05,125.36,121.82,123.96,1.798227,-2.805941,-0.247419,17.078494,1.305408,-2.534884,-1.85916,12.083056,104.284729
01/07/2017,NA,NA,NA,NA,NA,NA,NA,NA,110.9,107.8,103.58,124.19,115.45,118.83,119.77,118.64,3.249229,3.696598,5.933218,19.605308,0.911245,-1.783958,-1.669411,9.001562,104.466703
01/08/2017,NA,NA,NA,NA,NA,NA,NA,NA,112.1,102.3,100.42,120.94,112.15,150.69,113.79,131.75,2.465574,1.454738,5.326735,12.857485,1.347052,-3.658738,-1.627139,11.259923,104.396738
01/09/2017,30740.6,1.412636104,606898.9,0.707075833,-6.620215,1.679069,85.045335,87.355403,113.3,107.8,103.7,117.64,111.51,149.08,123.17,138.82,8.272076,7.343031,8.919399,22.194718,5.234087,-1.468815,-0.362416,20.314502,105.831708
01/10/2017,NA,NA,NA,NA,NA,NA,NA,NA,116.5,108.6,97.05,116.86,108.86,118.96,124.03,120.12,8.971432,4.638061,7.732106,24.848391,3.747492,-1.666706,1.584839,17.50981,106.036219
01/11/2017,NA,NA,NA,NA,NA,NA,NA,NA,114.3,109.9,107.42,120.2,115.08,135.99,111.72,127.74,8.023062,4.320549,1.979208,21.907583,2.26835,-0.281325,0.322882,13.864334,106.277826
01/12/2017,31402.1,2.12905132,610547.4,0.599371146,-9.861332,-1.086568,85.146115,87.973387,116.6,112.5,91.66,113.66,105.21,167.47,112.92,155.51,10.17117,6.785655,4.606279,21.243085,3.986127,0.005643,2.902153,15.466594,111.13853
01/01/2018,NA,NA,NA,NA,NA,NA,NA,NA,111.7,108.3,106.8,123.29,117.12,116.75,131.48,120.93,9.30873,14.2989,9.46081,22.127192,6.556674,3.355464,4.213281,19.045656,107.822992
01/02/2018,NA,NA,NA,NA,NA,NA,NA,NA,111.3,104.6,99.4,105.4,103.13,135.04,129.01,131.57,6.792837,13.313253,12.134759,14.420031,4.558028,2.109655,3.435595,15.823272,108.423299
01/03/2018,31200.2,-0.645026461,610303.2,-0.040004895,-10.922439,-2.477652,86.047807,89.272281,113,109.7,100.9,122.8,115.24,145.26,125.16,134.42,7.235288,14.622676,7.2392,11.210106,2.57596,1.136331,1.667049,11.451175,111.540649
01/04/2018,NA,NA,NA,NA,NA,NA,NA,NA,114.2,108.1,107.53,124.31,116.57,146.18,110.79,134.87,12.672074,18.907451,11.913736,23.719845,5.060768,2.221375,0.973639,17.462102,109.325937
01/05/2018,NA,NA,NA,NA,NA,NA,NA,NA,111.5,102,97.84,115.94,108.25,111.29,113.94,112.25,7.878414,13.017643,3.907823,16.258825,2.989213,1.392215,-2.059419,16.572058,109.837754
01/06/2018,31570.8,1.180813771,611916.3,0.263962559,-12.524718,-5.889454,85.920253,89.159255,115.6,107,95.06,118.79,108.17,131.63,129.49,130.64,11.075434,10.488478,2.859211,30.492317,4.630775,-0.719346,-2.222985,22.924671,108.71878
01/07/2018,NA,NA,NA,NA,NA,NA,NA,NA,115.4,106.1,100.47,110.46,106.28,144.77,123.12,136.93,6.160548,2.433418,-0.98301,27.623757,2.457358,-3.279401,-2.669732,20.079991,107.434016
01/08/2018,NA,NA,NA,NA,NA,NA,NA,NA,114.3,111.4,100.61,108.43,105.27,128.11,110.89,120.19,6.027342,0.863543,-1.767237,25.842093,0.500253,-4.421053,-4.876198,17.257558,105.24638
01/09/2018,31664.8,0.297301106,614852.1,0.478624263,-9.443756,-3.845134,86.107714,89.523863,113.4,106.9,94.93,109.62,103.34,138.18,113.26,127.24,2.377978,-2.651144,-1.725632,12.664077,-0.684999,-5.904461,-4.557307,10.707621,106.003862
01/10/2018,NA,NA,NA,NA,NA,NA,NA,NA,114.5,114.5,94.78,109.2,103.46,161.5,109.06,144.52,3.030662,-4.992015,-1.937689,14.832061,-2.7285,-12.603078,-5.493388,12.893301,103.280495
01/11/2018,NA,NA,NA,NA,NA,NA,NA,NA,114.9,110.3,95.7,109.62,104.01,147.57,107.41,133.86,1.173107,-8.017308,-7.477053,17.315483,-1.448406,-11.008805,-9.03821,15.018938,106.224515
01/12/2018,31473.3,-0.606608647,619439.8,0.743377013,-18.264778,-1.990678,85.535016,88.700923,113.8,111.4,109.01,110.29,110.5,129.91,122,129.39,2.062745,-9.245124,-6.315101,18.798708,-3.237482,-11.798951,-7.647114,11.614263,101.124347
01/01/2019,NA,NA,NA,NA,NA,NA,NA,NA,115.8,110.1,100.24,112.38,108.12,143.76,118.03,128.5,-0.299785,-9.158153,-10.898515,11.05039,-2.775242,-11.466209,-9.985164,9.690105,101.461514
01/02/2019,NA,NA,NA,NA,NA,NA,NA,NA,117.2,119.1,101.56,117.58,111.28,137.27,126.15,131.59,-4.422219,-9.932263,-4.922384,7.359956,-5.16361,-12.296813,-8.505492,5.174638,101.843707
01/03/2019,32290.4,2.563040508,625164.3,0.919897398,-11.094967,0.284981,84.943531,89.229784,117.7,115.7,103.35,121.59,114.7,133.77,132.62,133.81,-4.764039,-7.892812,-9.972982,17.133139,-4.042133,-11.264688,-10.926983,12.996404,103.694205
01/04/2019,NA,NA,NA,NA,NA,NA,NA,NA,116.9,114.1,102.26,118.65,112,135.09,126.04,129.47,-7.783553,-9.255087,-7.873767,5.31921,-6.907882,-13.145883,-10.388512,7.772643,105.298465
01/05/2019,NA,NA,NA,NA,NA,NA,NA,NA,118.1,117.7,109.14,121.09,116.02,157.89,127.17,145.06,-1.06047,-3.077179,-12.5767,9.664596,-1.630326,-7.921139,-10.767037,11.454779,103.175161
01/06/2019,32492.9,0.62516315,628660.5,0.557687017,-12.832053,-1.12574,85.027653,88.626891,113.9,109.4,103.83,109.26,106.44,137.48,109.03,126.4,-4.59432,-9.437165,-19.68111,5.509016,-4.906075,-11.817223,-17.068248,5.878414,101.041218
01/07/2019,NA,NA,NA,NA,NA,NA,NA,NA,115.2,116.1,96.69,116.04,107.72,115.53,138.63,124,-4.919171,-11.80939,-13.287331,14.64867,-7.389774,-15.293687,-14.228307,7.914938,102.31202
01/08/2019,NA,NA,NA,NA,NA,NA,NA,NA,112.9,122,100.23,109.71,105.8,130.04,117.55,123.74,-8.004782,-9.193288,-3.343816,8.247093,-6.230959,-13.585311,-10.51922,8.047133,101.101669
01/09/2019,32331.6,-0.497652378,628584.5,-0.012089927,-3.378462,3.923135,84.627861,87.29614,115.9,114.7,98.85,110.88,105.8,117.21,110.39,114.04,-9.845741,-9.004351,-5.244601,6.583918,-7.483847,-11.719866,-10.795785,5.494579,103.3071
01/10/2019,NA,NA,NA,NA,NA,NA,NA,NA,114,115.1,100.5,115.18,109.4,138.23,115.07,130.81,-9.713259,-8.584986,-19.231011,-1.286961,-7.031876,-15.728619,-17.882089,4.779522,103.315773
01/11/2019,NA,NA,NA,NA,NA,NA,NA,NA,115.7,116.8,93.99,110.78,104.11,137.06,113.45,128.19,-5.523245,3.236056,-11.152562,8.873707,-7.653904,-9.339933,-13.139463,4.597635,104.215006
01/12/2019,32404.4,0.22491359,625552,-0.483600614,-7.046175,5.324472,83.281515,85.289645,111.3,112.2,92.38,100.99,98.07,136.2,113.07,132,-11.920481,-15.23329,-13.293214,2.270063,-9.228253,-17.08981,-15.276877,4.29526,105.167936
01/01/2020,NA,NA,NA,NA,NA,NA,NA,NA,113.7,110.3,91.94,101.34,98.18,111.73,105.97,108.72,-0.81626,3.743013,3.790842,3.396102,-2.866852,-8.804885,-6.434589,7.148352,102.614843
01/02/2020,NA,NA,NA,NA,NA,NA,NA,NA,115.5,118.6,99.1,103.8,103.99,120.22,128.26,123.15,-2.143417,-3.007567,-17.957826,5.8199,-3.175066,-10.94177,-16.214639,4.67456,102.486324
01/03/2020,28818.1,-11.72905541,593843.8,-5.201813813,1.186862,7.967695,82.501629,83.837123,84.9,85.2,77.25,82.13,80.65,96.21,83.01,91.33,-13.104186,-19.157155,-22.50773,-12.303695,-8.818808,-15.796689,-19.327419,-6.76805,91.664214
01/04/2020,NA,NA,NA,NA,NA,NA,NA,NA,58.7,53.8,68.73,65.24,66.77,38.59,45.54,38.48,-55.876693,-68.652387,-74.818941,-93.876542,-42.368372,-51.610352,-61.268603,-69.530853,39.992509
01/05/2020,NA,NA,NA,NA,NA,NA,NA,NA,75.6,71.9,77.82,81.61,79.93,55.4,70.34,63.78,-38.146235,-67.265045,-67.205318,-17.416816,-26.698253,-54.421455,-60.136472,-11.17669,54.788013
01/06/2020,24144.9,-17.69304843,521308,-13.02752839,29.240668,28.144502,60.00632,51.891468,92.2,90.3,86.14,91.96,88.84,62.66,89.62,68.04,-22.946003,-67.407424,-76.907788,20.589543,-15.960552,-53.653714,-64.311172,20.423068,81.975769
01/07/2020,NA,NA,NA,NA,NA,NA,NA,NA,99.1,89.5,95.42,102.58,99.47,93.53,94.57,92.95,-17.886072,-53.053461,-71.674833,22.725591,-12.827925,-49.62343,-62.251755,24.452826,89.668541
01/08/2020,NA,NA,NA,NA,NA,NA,NA,NA,98.5,94.9,89.73,102.52,96.95,78.7,121.22,102.05,-3.709928,-33.683868,-56.603288,25.964841,-8.132471,-38.204471,-53.959999,21.020684,93.89025
01/09/2020,31728.3,27.31358494,601390.3,14.29031035,-1.12304,6.302871,74.74338,71.92829,102.5,98.6,94.29,97.57,96.06,104.15,107.51,104.61,-11.740157,-34.404725,-46.370557,14.484227,-10.248882,-34.40089,-43.643285,10.748692,93.678854
01/10/2020,NA,NA,NA,NA,NA,NA,NA,NA,103,100.2,93.82,96.73,95.66,108.43,98.2,103.22,-11.127503,-28.08217,-54.322848,11.120227,-11.663063,-33.612661,-44.205346,7.268222,88.74327
01/11/2020,NA,NA,NA,NA,NA,NA,NA,NA,103,101.6,95.15,103.01,99.93,93.05,108.68,97.48,-21.447913,-38.484721,-53.853435,-14.806388,-16.273079,-31.906179,-41.867235,-9.091926,79.645969
01/12/2020,31580.9,-0.465651963,600754.6,-0.105760971,18.476391,18.141721,78.138242,78.208373,101.2,99.4,94.37,100.44,98.28,104.4,84.3,97.18,-14.020563,-42.023547,-54.486874,0.97661,-11.342196,-32.222527,-36.656451,5.140944,86.378548
01/01/2021,NA,NA,NA,NA,NA,NA,NA,NA,103.8,108.3,99.07,101.73,101.33,101.8,110.88,107.37,-14.26437,-31.508664,-45.440598,13.567281,-10.183792,-28.701855,-33.107649,6.501326,90.758219
01/02/2021,NA,NA,NA,NA,NA,NA,NA,NA,98.2,95,100.58,103.25,102.39,107.21,87.28,100.4,-7.263704,-24.292363,-44.252414,13.224573,-7.483893,-23.493495,-31.504666,7.124416,89.669828
01/03/2021,31711.5,0.412688365,603155.8,0.398900646,33.009659,21.558825,79.284803,77.45958,100.5,104.6,105.82,101.4,104,88.59,106.52,93.35,-18.096594,-36.616127,-50.816725,-2.868785,-7.282855,-23.568372,-30.268178,6.368777,94.685653
01/04/2021,NA,NA,NA,NA,NA,NA,NA,NA,101.6,104.7,94.98,106.92,101.28,122.35,91.55,110.9,-10.339952,-23.137236,-45.224439,6.656465,-2.106951,-14.609933,-23.313787,11.110523,92.418354
01/05/2021,NA,NA,NA,NA,NA,NA,NA,NA,100.2,92.3,100.73,100.66,100.66,102.11,98.21,101.33,-6.890514,-22.739272,-36.192837,18.40638,2.412158,-9.281727,-19.153001,19.986803,101.29703
01/06/2021,31752.5,0.129207128,610489.5,1.208555624,32.664441,18.008065,80.180621,78.055274,98.8,103.3,97.08,99.26,97.63,105.84,96.72,101.02,-5.204278,-17.005374,-35.288744,15.091663,2.409239,-7.218793,-15.970563,18.560219,104.640873
01/07/2021,NA,NA,NA,NA,NA,NA,NA,NA,101.4,94.4,98.23,98.85,98.53,99.37,88.78,95.26,2.996623,-13.313403,-34.14,19.826526,7.562196,-3.92,-11.429865,21.616587,105.601094
01/08/2021,NA,NA,NA,NA,NA,NA,NA,NA,100.1,95.9,95.82,103.07,99.74,97.15,113.91,107.4,3.496337,-14.304135,-28.366161,25.808038,4.575294,-9.57216,-12.769768,22.958914,105.538691
01/09/2021,31268.3,-1.536665761,628750.5,2.947342226,22.18,10.2,82.923635,80.719099,97.3,98.7,92.24,91.28,91.44,101.23,96.5,99.12,-4.539032,-18.112069,-42.79,9.473686,1.786641,-9.12,-18.116627,17.469922,105.179021
01/10/2021,NA,NA,NA,NA,NA,NA,NA,NA,102.2,94.6,102.33,93.6,97.32,88.45,111.29,94.85,2.125055,-16.668498,-39.54,14.593082,3.872459,-7.78,-14.661371,17.047376,108.127056
01/11/2021,NA,NA,NA,NA,NA,NA,NA,NA,95.8,101.6,101.83,94.98,97.76,84.99,95.04,86.98,4.371132,-6.967221,-15.56,13.49029,5.315042,-3.9,-3.08717,17.605127,110.300206
01/12/2021,30982.7,-0.917582059,632271.5,0.558437387,17.53,6.64,81.97163,80.285676,100.1,106.6,111.29,104.99,107.91,100.93,103.32,102.02,3.137349,-22.375782,-36.06,26.526085,4.791301,-8.74,-13.407998,23.493902,105.826852
01/01/2022,NA,NA,NA,NA,NA,NA,NA,NA,101,113.2,106.15,97.16,101.51,148.42,113.66,129.24,14.534188,5.68795,5.02,30.487769,5.20711,-0.75,2.507853,19.931329,105.593944
01/02/2022,NA,NA,NA,NA,NA,NA,NA,NA,101.4,107.9,102.44,91.44,95.86,100.41,106,103.54,14.252715,11.185586,-5.37,24.593918,7.245394,1.84,-1.651116,21.566183,108.700322
01/03/2022,31129.1,0.471408882,631665.9,-0.095827538,-4.13,1.09,82.651651,81.745016,99.2,110.7,104.77,90.42,96.42,88.02,102.11,93.25,1.683123,-1.960503,-1.44,15.776403,1.048414,-3.12,-1.292515,12.205243,109.502324
01/04/2022,NA,NA,NA,NA,NA,NA,NA,NA,99.1,108.5,95.86,89.08,91.63,110.08,92.55,101.45,0.625717,5.061309,6.55,21.818104,-0.422631,-0.49,2.041043,11.162107,108.569734
01/05/2022,NA,NA,NA,NA,NA,NA,NA,NA,101.7,107.5,106.63,91,97.4,87.01,114.67,98.31,6.807243,2.790936,1.14,26.994445,0.470445,-0.88,-4.334386,9.861334,108.005466
01/06/2022,31178.5,0.158568169,634450.9,0.439928527,-0.74,-0.66,82.156057,80.40921,102.7,111.7,108.35,93.13,98.54,86.53,101.31,90.02,4.53196,0.876802,2.2,25.298632,0.470724,-0.48,-2.345904,10.902172,104.130441
01/07/2022,NA,NA,NA,NA,NA,NA,NA,NA,101.3,109.9,99.46,89.84,93.75,84.38,106.99,92.86,7.299143,8.733395,3.37,32.033532,0.225652,-3.97,-4.1627,13.906957,101.17933
01/08/2022,NA,NA,NA,NA,NA,NA,NA,NA,104.3,114.6,107.19,94.69,99.63,101.7,117.09,109.85,-0.744024,-2.196257,-1.73,32.517396,-4.437228,-10.28,-8.29981,12.078316,105.096395
01/09/2022,32030.4,2.695669712,637667.1,0.505645994,9.5,0.42,81.740266,79.994043,106.2,118.2,114.27,94.76,102.11,112.99,135.29,121.16,-2.416646,-8.187749,-9.74,30.957357,-7.138789,-13.07,-12.701576,6.883634,107.0772
01/10/2022,NA,NA,NA,NA,NA,NA,NA,NA,103.7,119.6,96.81,89.44,92.52,119.84,95.97,110.4,-1.960603,1.882392,4.14,29.164707,-6.772417,-12.24,-5.968847,12.332749,107.016444
01/11/2022,NA,NA,NA,NA,NA,NA,NA,NA,105.2,123.1,111.6,88.39,97.44,105.47,109.21,106.6,-7.477492,-1.887538,3.02,29.161275,-9.380332,-15.78,-9.243087,15.209005,107.532397
01/12/2022,32259.3,0.712092193,640125.9,0.384851542,-14.91,-5.53,80.588533,80.873597,106.1,121.2,101.8,90.62,95.36,117.5,117.3,120.49,-4.422243,-5.64771,-4.32,37.872004,-8.625602,-14.74,-14.302872,13.963195,108.356047
01/01/2023,NA,NA,NA,NA,NA,NA,NA,NA,106.3,119.3,105.56,91.52,97.96,97.77,112.69,105.4,0.746821,2.050816,1.51,31.151018,-6.337528,-15.51,-11.732479,11.547416,110.185183
01/02/2023,NA,NA,NA,NA,NA,NA,NA,NA,108.7,116.5,102.71,86.23,92.68,96.8,118.31,106.08,-0.947403,2.981327,3.45,22.425853,-6.551104,-13.1,-9.25969,10.466689,108.19193
01/03/2023,32324,0.200361461,640609.8,0.075565946,-23.3,-4.49,81.025594,81.967604,108.4,124.4,93.97,87.58,90.4,91.99,112.29,99.74,0.858369,2.026009,2.94,23.948653,-4.842469,-13.11,-8.491633,11.402593,109.9223
01/04/2023,NA,NA,NA,NA,NA,NA,NA,NA,108.2,116.4,96.6,86.49,90.12,98.8,120.59,105.41,-7.421588,1.000784,2.569121,17.904533,-10.964056,-16.440226,-10.181851,6.118573,106.071696
01/05/2023,NA,NA,NA,NA,NA,NA,NA,NA,111.4,135.1,103.62,85.45,92.64,129.93,120.45,125.93,-0.160569,-2.948161,2.387747,26.164496,-8.452383,-19.883577,-12.890433,9.281957,103.686531
01/06/2023,32661.5,1.038702586,646378.5,0.89647103,-8.202397,0.792303,81.998632,84.883417,109.8,125.4,93.44,91.99,91.85,104.4,120.7,109.64,2.84064,1.989438,2.569375,22.418303,-7.112381,-16.810408,-13.018267,9.611566,102.842644
01/07/2023,NA,NA,NA,NA,NA,NA,NA,NA,109.1,129.4,99.85,87.89,92.78,100.37,116.2,106.34,0.772093,16.702217,24.057436,4.738998,-9.711857,-13.154582,-3.31938,0.39745,104.176693
01/08/2023,NA,NA,NA,NA,NA,NA,NA,NA,108.2,125.5,94.74,86.84,89.76,98.06,115.76,107.83,-5.535,-1.094407,0.581636,13.825215,-11.4891,-21.789417,-14.488222,5.952168,98.760358
01/09/2023,32953.3,0.889439345,647631.4,0.193646183,-3.951822,5.585418,80.576248,82.148881,107.6,123.9,96.74,85.62,89.78,94.83,112.73,101.2,2.719038,1.21186,0.255687,21.568664,-7.636175,-21.470669,-14.748474,12.574737,102.433309
01/10/2023,NA,NA,NA,NA,NA,NA,NA,NA,109.5,130.2,104.58,82.79,91.25,97.92,118.6,104.01,1.720134,10.497579,21.123708,12.83884,-9.170421,-16.998916,-4.834753,5.488379,102.665909
01/11/2023,NA,NA,NA,NA,NA,NA,NA,NA,109.9,125.7,83.54,83.7,83.68,109.6,107.72,108.49,2.48178,7.372845,13.596724,13.013173,-9.245769,-18.908204,-6.364629,4.662876,99.132499
01/12/2023,32458,-1.514446179,650558.3,0.450920996,13.310725,10.278998,81.258626,84.02126,109.4,126.1,94.9,87.4,90.7,103.03,108.55,104.35,0.021179,2.340701,10.332502,11.743395,-9.515526,-20.778797,-9.257794,6.526854,100.106953
01/01/2024,NA,NA,NA,NA,NA,NA,NA,NA,108.7,124.9,89.28,79.26,83.96,94.59,104.41,99.98,2.447561,11.360516,19.46031,14.486607,-8.487459,-19.497314,-7.320275,5.761343,99.9709
01/02/2024,NA,NA,NA,NA,NA,NA,NA,NA,108,125.7,83.78,82.66,84.54,101.09,97.21,100.34,3.981031,7.66634,14.531696,17.699951,-5.637726,-15.669303,-6.69721,5.689125,100.703661
01/03/2024,32368.9,-0.274886062,651495.5,0.14395721,-15.476287,0.724314,80.926496,84.343487,107.6,126.6,84.51,79.84,82.79,106.92,110.7,103.63,4.909201,13.408824,18.758919,13.415316,-3.503396,-12.103264,-4.722536,8.723193,97.923173
01/04/2024,NA,NA,NA,NA,NA,NA,NA,NA,109.3,130.6,85.97,74.58,77.89,91.92,88.78,94,-0.375519,6.858609,13.565787,9.340527,-8.058381,-17.615965,-7.961502,5.738705,101.28641
01/05/2024,NA,NA,NA,NA,NA,NA,NA,NA,105.4,123,84.53,72.26,77.15,90.69,96.86,93.41,-0.792087,7.721836,15.271002,1.461674,-8.551067,-16.942013,-8.216653,1.638182,98.480025
01/06/2024,32245.3,-0.382578909,652741.8,0.191115586,1.007306,4.947402,80.73045,83.28782,105.9,130.1,90.3,76.98,81.58,110.93,102.79,106.86,-0.038094,7.070799,14.179057,5.021871,-7.883748,-17.389645,-8.010954,2.102829,97.60316
01/07/2024,NA,NA,NA,NA,NA,NA,NA,NA,106.1,127.9,91.45,73.78,80.95,105.08,118.65,110.08,-3.717867,-5.337289,-7.357465,8.039097,-9.209095,-19.306079,-17.679472,0.695916,91.470673
01/08/2024,NA,NA,NA,NA,NA,NA,NA,NA,106.9,129.5,95.27,77.52,84.53,102.53,101.7,105.42,5.92473,5.090124,18.1976,22.895757,-4.405393,-15.72407,-7.140236,8.945319,95.353183
01/09/2024,30992.4,-3.963028305,654956.2,0.338671791,-6.116609,4.240808,81.599653,85.397705,106.6,125.7,96.09,78.48,85.26,75.77,95.31,83.01,5.717895,6.458406,15.277447,20.707524,-7.292184,-19.278635,-9.859767,6.467458,97.199215
01/10/2024,NA,NA,NA,NA,NA,NA,NA,NA,106.8,121.7,82.93,74.49,77.79,82.12,101.76,86.3,-14.403238,-16.276373,-19.623952,5.821545,-14.743977,-25.720466,-21.709478,-2.102902,95.304625
01/11/2024,NA,NA,NA,NA,NA,NA,NA,NA,108.3,127.9,92.45,71.46,79.55,98.88,95.58,97.09,0.074056,-10.574399,-11.110736,23.017335,-9.450217,-22.843817,-19.382171,3.043469,96.083339
01/12/2024,30822.5,-0.549707038,654642.2,-0.047953633,-10.992478,3.820103,80.058784,83.604709,106.6,128.2,90.58,70.03,78.27,101.64,119,108.31,-6.877505,1.864655,10.661456,10.068214,-11.70731,-20.228411,-9.850981,0.867185,93.647833
01/01/2025,NA,NA,NA,NA,NA,NA,NA,NA,105.7,132,93.08,66.19,77.59,97.37,95.59,98.28,-8.365166,-15.132645,-13.593255,6.972962,-11.192748,-26.309636,-18.899519,0.817633,94.701825
01/02/2025,NA,NA,NA,NA,NA,NA,NA,NA,107.6,129.3,88.03,68.12,75.65,85.52,82.18,86.8,-2.389462,-12.647606,-10.123132,20.28327,-8.038127,-23.014497,-17.10181,4.84619,93.313142
01/03/2025,30751.6,-0.230291734,655220.7,0.088329861,-12.071049,1.074593,81.476929,84.050427,108.9,134.7,88.03,69.1,76.57,127.05,78.09,110.2,-3.375905,-17.767096,-17.710263,23.40382,-8.728357,-23.997519,-19.462793,4.034418,92.987726
01/04/2025,NA,NA,NA,NA,NA,NA,NA,NA,108.4,131.1,90.51,74.77,80.59,94.3,82.42,88.91,2.913744,-4.485349,-6.824045,24.908848,-6.336454,-17.09309,-15.957873,8.060895,93.063086
01/05/2025,NA,NA,NA,NA,NA,NA,NA,NA,108.7,127.6,87.67,70.39,77.05,89.22,84.15,88.24,-9.2844,-9.453061,-6.613036,-5.736727,-10.333754,-22.183329,-17.080801,-0.919307,91.031066
01/06/2025,30624.3,-0.414821396,657408.6,0.333361754,-14.55998,-0.309977,82.218975,84.990419,114.1,130.7,94.77,72.02,80.14,89.27,95.98,89.73,-13.95416,-8.885608,-4.948858,-0.936575,-12.385837,-22.157518,-16.250963,0.137023,92.936884
01/07/2025,NA,NA,NA,NA,NA,NA,NA,NA,112,131.6,101.15,74.79,85.12,102.01,95.88,99.95,-14.005114,-6.864941,-7.302716,-4.239584,-11.560462,-19.701761,-18.158906,1.106378,92.995991
01/08/2025,NA,NA,NA,NA,NA,NA,NA,NA,111.5,131.6,NA,NA,NA,NA,NA,NA,-5.446496,-6.902053,-3.711376,3.331256,-10.184164,-19.576399,-15.709734,-0.47463,93.731193
01/09/2025,30788.1,0.533444022,660724.1,0.503061185,-13.691188,0.014155,82.465145,86.299044,113.6,NA,NA,NA,NA,NA,NA,NA,-7.570634,-10.545279,-10.601865,19.17162,-10.16203,-23.069807,-16.370942,9.071804,92.492254
01/10/2025,NA,NA,NA,NA,NA,NA,NA,NA,NA,NA,NA,NA,NA,NA,NA,NA,2.207847,5.725779,17.397035,30.730855,-6.032135,-15.845021,-3.742411,15.782463,93.522298
01/11/2025,NA,NA,NA,NA,NA,NA,NA,NA,NA,NA,NA,NA,NA,NA,NA,NA,NA,NA,NA,NA,NA,NA,NA,NA,NA
01/12/2025,NA,NA,NA,NA,-15.007814,1.931207,81.171812,85.32375,NA,NA,NA,NA,NA,NA,NA,NA,NA,NA,NA,NA,NA,NA,NA,NA,NA
